id,era,module,voices,rate,channels
ERA5120-0001,pong,c0001_pong_001,1,8000,1
ERA5120-0002,pong,c0002_pong_002,1,8000,1
ERA5120-0003,pong,c0003_pong_003,1,8000,1
ERA5120-0004,pong,c0004_pong_004,1,8000,1
ERA5120-0005,pong,c0005_pong_005,1,8000,1
ERA5120-0006,pong,c0006_pong_006,1,8000,1
ERA5120-0007,pong,c0007_pong_007,1,8000,1
ERA5120-0008,pong,c0008_pong_008,1,8000,1
ERA5120-0009,pong,c0009_pong_009,1,8000,1
ERA5120-0010,pong,c0010_pong_010,1,8000,1
ERA5120-0011,pong,c0011_pong_011,1,8000,1
ERA5120-0012,pong,c0012_pong_012,1,8000,1
ERA5120-0013,pong,c0013_pong_013,1,8000,1
ERA5120-0014,pong,c0014_pong_014,1,8000,1
ERA5120-0015,pong,c0015_pong_015,1,8000,1
ERA5120-0016,pong,c0016_pong_016,1,8000,1
ERA5120-0017,pong,c0017_pong_017,1,8000,1
ERA5120-0018,pong,c0018_pong_018,1,8000,1
ERA5120-0019,pong,c0019_pong_019,1,8000,1
ERA5120-0020,pong,c0020_pong_020,1,8000,1
ERA5120-0021,pong,c0021_pong_021,1,8000,1
ERA5120-0022,pong,c0022_pong_022,1,8000,1
ERA5120-0023,pong,c0023_pong_023,1,8000,1
ERA5120-0024,pong,c0024_pong_024,1,8000,1
ERA5120-0025,pong,c0025_pong_025,1,8000,1
ERA5120-0026,pong,c0026_pong_026,1,8000,1
ERA5120-0027,pong,c0027_pong_027,1,8000,1
ERA5120-0028,pong,c0028_pong_028,1,8000,1
ERA5120-0029,pong,c0029_pong_029,1,8000,1
ERA5120-0030,pong,c0030_pong_030,1,8000,1
ERA5120-0031,pong,c0031_pong_031,1,8000,1
ERA5120-0032,pong,c0032_pong_032,1,8000,1
ERA5120-0033,pong,c0033_pong_033,1,8000,1
ERA5120-0034,pong,c0034_pong_034,1,8000,1
ERA5120-0035,pong,c0035_pong_035,1,8000,1
ERA5120-0036,pong,c0036_pong_036,1,8000,1
ERA5120-0037,pong,c0037_pong_037,1,8000,1
ERA5120-0038,pong,c0038_pong_038,1,8000,1
ERA5120-0039,pong,c0039_pong_039,1,8000,1
ERA5120-0040,pong,c0040_pong_040,1,8000,1
ERA5120-0041,pong,c0041_pong_041,1,8000,1
ERA5120-0042,pong,c0042_pong_042,1,8000,1
ERA5120-0043,pong,c0043_pong_043,1,8000,1
ERA5120-0044,pong,c0044_pong_044,1,8000,1
ERA5120-0045,pong,c0045_pong_045,1,8000,1
ERA5120-0046,pong,c0046_pong_046,1,8000,1
ERA5120-0047,pong,c0047_pong_047,1,8000,1
ERA5120-0048,pong,c0048_pong_048,1,8000,1
ERA5120-0049,pong,c0049_pong_049,1,8000,1
ERA5120-0050,pong,c0050_pong_050,1,8000,1
ERA5120-0051,pong,c0051_pong_051,1,8000,1
ERA5120-0052,pong,c0052_pong_052,1,8000,1
ERA5120-0053,pong,c0053_pong_053,1,8000,1
ERA5120-0054,pong,c0054_pong_054,1,8000,1
ERA5120-0055,pong,c0055_pong_055,1,8000,1
ERA5120-0056,pong,c0056_pong_056,1,8000,1
ERA5120-0057,pong,c0057_pong_057,1,8000,1
ERA5120-0058,pong,c0058_pong_058,1,8000,1
ERA5120-0059,pong,c0059_pong_059,1,8000,1
ERA5120-0060,pong,c0060_pong_060,1,8000,1
ERA5120-0061,pong,c0061_pong_061,1,8000,1
ERA5120-0062,pong,c0062_pong_062,1,8000,1
ERA5120-0063,pong,c0063_pong_063,1,8000,1
ERA5120-0064,pong,c0064_pong_064,1,8000,1
ERA5120-0065,pong,c0065_pong_065,1,8000,1
ERA5120-0066,pong,c0066_pong_066,1,8000,1
ERA5120-0067,pong,c0067_pong_067,1,8000,1
ERA5120-0068,pong,c0068_pong_068,1,8000,1
ERA5120-0069,pong,c0069_pong_069,1,8000,1
ERA5120-0070,pong,c0070_pong_070,1,8000,1
ERA5120-0071,pong,c0071_pong_071,1,8000,1
ERA5120-0072,pong,c0072_pong_072,1,8000,1
ERA5120-0073,pong,c0073_pong_073,1,8000,1
ERA5120-0074,pong,c0074_pong_074,1,8000,1
ERA5120-0075,pong,c0075_pong_075,1,8000,1
ERA5120-0076,pong,c0076_pong_076,1,8000,1
ERA5120-0077,pong,c0077_pong_077,1,8000,1
ERA5120-0078,pong,c0078_pong_078,1,8000,1
ERA5120-0079,pong,c0079_pong_079,1,8000,1
ERA5120-0080,pong,c0080_pong_080,1,8000,1
ERA5120-0081,pong,c0081_pong_081,1,8000,1
ERA5120-0082,pong,c0082_pong_082,1,8000,1
ERA5120-0083,pong,c0083_pong_083,1,8000,1
ERA5120-0084,pong,c0084_pong_084,1,8000,1
ERA5120-0085,pong,c0085_pong_085,1,8000,1
ERA5120-0086,pong,c0086_pong_086,1,8000,1
ERA5120-0087,pong,c0087_pong_087,1,8000,1
ERA5120-0088,pong,c0088_pong_088,1,8000,1
ERA5120-0089,pong,c0089_pong_089,1,8000,1
ERA5120-0090,pong,c0090_pong_090,1,8000,1
ERA5120-0091,pong,c0091_pong_091,1,8000,1
ERA5120-0092,pong,c0092_pong_092,1,8000,1
ERA5120-0093,pong,c0093_pong_093,1,8000,1
ERA5120-0094,pong,c0094_pong_094,1,8000,1
ERA5120-0095,pong,c0095_pong_095,1,8000,1
ERA5120-0096,pong,c0096_pong_096,1,8000,1
ERA5120-0097,pong,c0097_pong_097,1,8000,1
ERA5120-0098,pong,c0098_pong_098,1,8000,1
ERA5120-0099,pong,c0099_pong_099,1,8000,1
ERA5120-0100,pong,c0100_pong_100,1,8000,1
ERA5120-0101,pong,c0101_pong_101,1,8000,1
ERA5120-0102,pong,c0102_pong_102,1,8000,1
ERA5120-0103,pong,c0103_pong_103,1,8000,1
ERA5120-0104,pong,c0104_pong_104,1,8000,1
ERA5120-0105,pong,c0105_pong_105,1,8000,1
ERA5120-0106,pong,c0106_pong_106,1,8000,1
ERA5120-0107,pong,c0107_pong_107,1,8000,1
ERA5120-0108,pong,c0108_pong_108,1,8000,1
ERA5120-0109,pong,c0109_pong_109,1,8000,1
ERA5120-0110,pong,c0110_pong_110,1,8000,1
ERA5120-0111,pong,c0111_pong_111,1,8000,1
ERA5120-0112,pong,c0112_pong_112,1,8000,1
ERA5120-0113,pong,c0113_pong_113,1,8000,1
ERA5120-0114,pong,c0114_pong_114,1,8000,1
ERA5120-0115,pong,c0115_pong_115,1,8000,1
ERA5120-0116,pong,c0116_pong_116,1,8000,1
ERA5120-0117,pong,c0117_pong_117,1,8000,1
ERA5120-0118,pong,c0118_pong_118,1,8000,1
ERA5120-0119,pong,c0119_pong_119,1,8000,1
ERA5120-0120,pong,c0120_pong_120,1,8000,1
ERA5120-0121,pong,c0121_pong_121,1,8000,1
ERA5120-0122,pong,c0122_pong_122,1,8000,1
ERA5120-0123,pong,c0123_pong_123,1,8000,1
ERA5120-0124,pong,c0124_pong_124,1,8000,1
ERA5120-0125,pong,c0125_pong_125,1,8000,1
ERA5120-0126,pong,c0126_pong_126,1,8000,1
ERA5120-0127,pong,c0127_pong_127,1,8000,1
ERA5120-0128,pong,c0128_pong_128,1,8000,1
ERA5120-0129,pong,c0129_pong_129,1,8000,1
ERA5120-0130,pong,c0130_pong_130,1,8000,1
ERA5120-0131,pong,c0131_pong_131,1,8000,1
ERA5120-0132,pong,c0132_pong_132,1,8000,1
ERA5120-0133,pong,c0133_pong_133,1,8000,1
ERA5120-0134,pong,c0134_pong_134,1,8000,1
ERA5120-0135,pong,c0135_pong_135,1,8000,1
ERA5120-0136,pong,c0136_pong_136,1,8000,1
ERA5120-0137,pong,c0137_pong_137,1,8000,1
ERA5120-0138,pong,c0138_pong_138,1,8000,1
ERA5120-0139,pong,c0139_pong_139,1,8000,1
ERA5120-0140,pong,c0140_pong_140,1,8000,1
ERA5120-0141,pong,c0141_pong_141,1,8000,1
ERA5120-0142,pong,c0142_pong_142,1,8000,1
ERA5120-0143,pong,c0143_pong_143,1,8000,1
ERA5120-0144,pong,c0144_pong_144,1,8000,1
ERA5120-0145,pong,c0145_pong_145,1,8000,1
ERA5120-0146,pong,c0146_pong_146,1,8000,1
ERA5120-0147,pong,c0147_pong_147,1,8000,1
ERA5120-0148,pong,c0148_pong_148,1,8000,1
ERA5120-0149,pong,c0149_pong_149,1,8000,1
ERA5120-0150,pong,c0150_pong_150,1,8000,1
ERA5120-0151,pong,c0151_pong_151,1,8000,1
ERA5120-0152,pong,c0152_pong_152,1,8000,1
ERA5120-0153,pong,c0153_pong_153,1,8000,1
ERA5120-0154,pong,c0154_pong_154,1,8000,1
ERA5120-0155,pong,c0155_pong_155,1,8000,1
ERA5120-0156,pong,c0156_pong_156,1,8000,1
ERA5120-0157,pong,c0157_pong_157,1,8000,1
ERA5120-0158,pong,c0158_pong_158,1,8000,1
ERA5120-0159,pong,c0159_pong_159,1,8000,1
ERA5120-0160,pong,c0160_pong_160,1,8000,1
ERA5120-0161,pong,c0161_pong_161,1,8000,1
ERA5120-0162,pong,c0162_pong_162,1,8000,1
ERA5120-0163,pong,c0163_pong_163,1,8000,1
ERA5120-0164,pong,c0164_pong_164,1,8000,1
ERA5120-0165,pong,c0165_pong_165,1,8000,1
ERA5120-0166,pong,c0166_pong_166,1,8000,1
ERA5120-0167,pong,c0167_pong_167,1,8000,1
ERA5120-0168,pong,c0168_pong_168,1,8000,1
ERA5120-0169,pong,c0169_pong_169,1,8000,1
ERA5120-0170,pong,c0170_pong_170,1,8000,1
ERA5120-0171,pong,c0171_pong_171,1,8000,1
ERA5120-0172,pong,c0172_pong_172,1,8000,1
ERA5120-0173,pong,c0173_pong_173,1,8000,1
ERA5120-0174,pong,c0174_pong_174,1,8000,1
ERA5120-0175,pong,c0175_pong_175,1,8000,1
ERA5120-0176,pong,c0176_pong_176,1,8000,1
ERA5120-0177,pong,c0177_pong_177,1,8000,1
ERA5120-0178,pong,c0178_pong_178,1,8000,1
ERA5120-0179,pong,c0179_pong_179,1,8000,1
ERA5120-0180,pong,c0180_pong_180,1,8000,1
ERA5120-0181,pong,c0181_pong_181,1,8000,1
ERA5120-0182,pong,c0182_pong_182,1,8000,1
ERA5120-0183,pong,c0183_pong_183,1,8000,1
ERA5120-0184,pong,c0184_pong_184,1,8000,1
ERA5120-0185,pong,c0185_pong_185,1,8000,1
ERA5120-0186,pong,c0186_pong_186,1,8000,1
ERA5120-0187,pong,c0187_pong_187,1,8000,1
ERA5120-0188,pong,c0188_pong_188,1,8000,1
ERA5120-0189,pong,c0189_pong_189,1,8000,1
ERA5120-0190,pong,c0190_pong_190,1,8000,1
ERA5120-0191,pong,c0191_pong_191,1,8000,1
ERA5120-0192,pong,c0192_pong_192,1,8000,1
ERA5120-0193,pong,c0193_pong_193,1,8000,1
ERA5120-0194,pong,c0194_pong_194,1,8000,1
ERA5120-0195,pong,c0195_pong_195,1,8000,1
ERA5120-0196,pong,c0196_pong_196,1,8000,1
ERA5120-0197,pong,c0197_pong_197,1,8000,1
ERA5120-0198,pong,c0198_pong_198,1,8000,1
ERA5120-0199,pong,c0199_pong_199,1,8000,1
ERA5120-0200,pong,c0200_pong_200,1,8000,1
ERA5120-0201,pong,c0201_pong_201,1,8000,1
ERA5120-0202,pong,c0202_pong_202,1,8000,1
ERA5120-0203,pong,c0203_pong_203,1,8000,1
ERA5120-0204,pong,c0204_pong_204,1,8000,1
ERA5120-0205,pong,c0205_pong_205,1,8000,1
ERA5120-0206,pong,c0206_pong_206,1,8000,1
ERA5120-0207,pong,c0207_pong_207,1,8000,1
ERA5120-0208,pong,c0208_pong_208,1,8000,1
ERA5120-0209,pong,c0209_pong_209,1,8000,1
ERA5120-0210,pong,c0210_pong_210,1,8000,1
ERA5120-0211,pong,c0211_pong_211,1,8000,1
ERA5120-0212,pong,c0212_pong_212,1,8000,1
ERA5120-0213,pong,c0213_pong_213,1,8000,1
ERA5120-0214,pong,c0214_pong_214,1,8000,1
ERA5120-0215,pong,c0215_pong_215,1,8000,1
ERA5120-0216,pong,c0216_pong_216,1,8000,1
ERA5120-0217,pong,c0217_pong_217,1,8000,1
ERA5120-0218,pong,c0218_pong_218,1,8000,1
ERA5120-0219,pong,c0219_pong_219,1,8000,1
ERA5120-0220,pong,c0220_pong_220,1,8000,1
ERA5120-0221,pong,c0221_pong_221,1,8000,1
ERA5120-0222,pong,c0222_pong_222,1,8000,1
ERA5120-0223,pong,c0223_pong_223,1,8000,1
ERA5120-0224,pong,c0224_pong_224,1,8000,1
ERA5120-0225,pong,c0225_pong_225,1,8000,1
ERA5120-0226,pong,c0226_pong_226,1,8000,1
ERA5120-0227,pong,c0227_pong_227,1,8000,1
ERA5120-0228,pong,c0228_pong_228,1,8000,1
ERA5120-0229,pong,c0229_pong_229,1,8000,1
ERA5120-0230,pong,c0230_pong_230,1,8000,1
ERA5120-0231,pong,c0231_pong_231,1,8000,1
ERA5120-0232,pong,c0232_pong_232,1,8000,1
ERA5120-0233,pong,c0233_pong_233,1,8000,1
ERA5120-0234,pong,c0234_pong_234,1,8000,1
ERA5120-0235,pong,c0235_pong_235,1,8000,1
ERA5120-0236,pong,c0236_pong_236,1,8000,1
ERA5120-0237,pong,c0237_pong_237,1,8000,1
ERA5120-0238,pong,c0238_pong_238,1,8000,1
ERA5120-0239,pong,c0239_pong_239,1,8000,1
ERA5120-0240,pong,c0240_pong_240,1,8000,1
ERA5120-0241,pong,c0241_pong_241,1,8000,1
ERA5120-0242,pong,c0242_pong_242,1,8000,1
ERA5120-0243,pong,c0243_pong_243,1,8000,1
ERA5120-0244,pong,c0244_pong_244,1,8000,1
ERA5120-0245,pong,c0245_pong_245,1,8000,1
ERA5120-0246,pong,c0246_pong_246,1,8000,1
ERA5120-0247,pong,c0247_pong_247,1,8000,1
ERA5120-0248,pong,c0248_pong_248,1,8000,1
ERA5120-0249,pong,c0249_pong_249,1,8000,1
ERA5120-0250,pong,c0250_pong_250,1,8000,1
ERA5120-0251,pong,c0251_pong_251,1,8000,1
ERA5120-0252,pong,c0252_pong_252,1,8000,1
ERA5120-0253,pong,c0253_pong_253,1,8000,1
ERA5120-0254,pong,c0254_pong_254,1,8000,1
ERA5120-0255,pong,c0255_pong_255,1,8000,1
ERA5120-0256,pong,c0256_pong_256,1,8000,1
ERA5120-0257,pong,c0257_pong_257,1,8000,1
ERA5120-0258,pong,c0258_pong_258,1,8000,1
ERA5120-0259,pong,c0259_pong_259,1,8000,1
ERA5120-0260,pong,c0260_pong_260,1,8000,1
ERA5120-0261,pong,c0261_pong_261,1,8000,1
ERA5120-0262,pong,c0262_pong_262,1,8000,1
ERA5120-0263,pong,c0263_pong_263,1,8000,1
ERA5120-0264,pong,c0264_pong_264,1,8000,1
ERA5120-0265,pong,c0265_pong_265,1,8000,1
ERA5120-0266,pong,c0266_pong_266,1,8000,1
ERA5120-0267,pong,c0267_pong_267,1,8000,1
ERA5120-0268,pong,c0268_pong_268,1,8000,1
ERA5120-0269,pong,c0269_pong_269,1,8000,1
ERA5120-0270,pong,c0270_pong_270,1,8000,1
ERA5120-0271,pong,c0271_pong_271,1,8000,1
ERA5120-0272,pong,c0272_pong_272,1,8000,1
ERA5120-0273,pong,c0273_pong_273,1,8000,1
ERA5120-0274,pong,c0274_pong_274,1,8000,1
ERA5120-0275,pong,c0275_pong_275,1,8000,1
ERA5120-0276,pong,c0276_pong_276,1,8000,1
ERA5120-0277,pong,c0277_pong_277,1,8000,1
ERA5120-0278,pong,c0278_pong_278,1,8000,1
ERA5120-0279,pong,c0279_pong_279,1,8000,1
ERA5120-0280,pong,c0280_pong_280,1,8000,1
ERA5120-0281,pong,c0281_pong_281,1,8000,1
ERA5120-0282,pong,c0282_pong_282,1,8000,1
ERA5120-0283,pong,c0283_pong_283,1,8000,1
ERA5120-0284,pong,c0284_pong_284,1,8000,1
ERA5120-0285,pong,c0285_pong_285,1,8000,1
ERA5120-0286,pong,c0286_pong_286,1,8000,1
ERA5120-0287,pong,c0287_pong_287,1,8000,1
ERA5120-0288,pong,c0288_pong_288,1,8000,1
ERA5120-0289,pong,c0289_pong_289,1,8000,1
ERA5120-0290,pong,c0290_pong_290,1,8000,1
ERA5120-0291,pong,c0291_pong_291,1,8000,1
ERA5120-0292,pong,c0292_pong_292,1,8000,1
ERA5120-0293,pong,c0293_pong_293,1,8000,1
ERA5120-0294,pong,c0294_pong_294,1,8000,1
ERA5120-0295,pong,c0295_pong_295,1,8000,1
ERA5120-0296,pong,c0296_pong_296,1,8000,1
ERA5120-0297,pong,c0297_pong_297,1,8000,1
ERA5120-0298,pong,c0298_pong_298,1,8000,1
ERA5120-0299,pong,c0299_pong_299,1,8000,1
ERA5120-0300,pong,c0300_pong_300,1,8000,1
ERA5120-0301,pong,c0301_pong_301,1,8000,1
ERA5120-0302,pong,c0302_pong_302,1,8000,1
ERA5120-0303,pong,c0303_pong_303,1,8000,1
ERA5120-0304,pong,c0304_pong_304,1,8000,1
ERA5120-0305,pong,c0305_pong_305,1,8000,1
ERA5120-0306,pong,c0306_pong_306,1,8000,1
ERA5120-0307,pong,c0307_pong_307,1,8000,1
ERA5120-0308,pong,c0308_pong_308,1,8000,1
ERA5120-0309,pong,c0309_pong_309,1,8000,1
ERA5120-0310,pong,c0310_pong_310,1,8000,1
ERA5120-0311,pong,c0311_pong_311,1,8000,1
ERA5120-0312,pong,c0312_pong_312,1,8000,1
ERA5120-0313,pong,c0313_pong_313,1,8000,1
ERA5120-0314,pong,c0314_pong_314,1,8000,1
ERA5120-0315,pong,c0315_pong_315,1,8000,1
ERA5120-0316,pong,c0316_pong_316,1,8000,1
ERA5120-0317,pong,c0317_pong_317,1,8000,1
ERA5120-0318,pong,c0318_pong_318,1,8000,1
ERA5120-0319,pong,c0319_pong_319,1,8000,1
ERA5120-0320,pong,c0320_pong_320,1,8000,1
ERA5120-0321,psg,c0321_psg_001,4,16000,1
ERA5120-0322,psg,c0322_psg_002,4,16000,1
ERA5120-0323,psg,c0323_psg_003,4,16000,1
ERA5120-0324,psg,c0324_psg_004,4,16000,1
ERA5120-0325,psg,c0325_psg_005,4,16000,1
ERA5120-0326,psg,c0326_psg_006,4,16000,1
ERA5120-0327,psg,c0327_psg_007,4,16000,1
ERA5120-0328,psg,c0328_psg_008,4,16000,1
ERA5120-0329,psg,c0329_psg_009,4,16000,1
ERA5120-0330,psg,c0330_psg_010,4,16000,1
ERA5120-0331,psg,c0331_psg_011,4,16000,1
ERA5120-0332,psg,c0332_psg_012,4,16000,1
ERA5120-0333,psg,c0333_psg_013,4,16000,1
ERA5120-0334,psg,c0334_psg_014,4,16000,1
ERA5120-0335,psg,c0335_psg_015,4,16000,1
ERA5120-0336,psg,c0336_psg_016,4,16000,1
ERA5120-0337,psg,c0337_psg_017,4,16000,1
ERA5120-0338,psg,c0338_psg_018,4,16000,1
ERA5120-0339,psg,c0339_psg_019,4,16000,1
ERA5120-0340,psg,c0340_psg_020,4,16000,1
ERA5120-0341,psg,c0341_psg_021,4,16000,1
ERA5120-0342,psg,c0342_psg_022,4,16000,1
ERA5120-0343,psg,c0343_psg_023,4,16000,1
ERA5120-0344,psg,c0344_psg_024,4,16000,1
ERA5120-0345,psg,c0345_psg_025,4,16000,1
ERA5120-0346,psg,c0346_psg_026,4,16000,1
ERA5120-0347,psg,c0347_psg_027,4,16000,1
ERA5120-0348,psg,c0348_psg_028,4,16000,1
ERA5120-0349,psg,c0349_psg_029,4,16000,1
ERA5120-0350,psg,c0350_psg_030,4,16000,1
ERA5120-0351,psg,c0351_psg_031,4,16000,1
ERA5120-0352,psg,c0352_psg_032,4,16000,1
ERA5120-0353,psg,c0353_psg_033,4,16000,1
ERA5120-0354,psg,c0354_psg_034,4,16000,1
ERA5120-0355,psg,c0355_psg_035,4,16000,1
ERA5120-0356,psg,c0356_psg_036,4,16000,1
ERA5120-0357,psg,c0357_psg_037,4,16000,1
ERA5120-0358,psg,c0358_psg_038,4,16000,1
ERA5120-0359,psg,c0359_psg_039,4,16000,1
ERA5120-0360,psg,c0360_psg_040,4,16000,1
ERA5120-0361,psg,c0361_psg_041,4,16000,1
ERA5120-0362,psg,c0362_psg_042,4,16000,1
ERA5120-0363,psg,c0363_psg_043,4,16000,1
ERA5120-0364,psg,c0364_psg_044,4,16000,1
ERA5120-0365,psg,c0365_psg_045,4,16000,1
ERA5120-0366,psg,c0366_psg_046,4,16000,1
ERA5120-0367,psg,c0367_psg_047,4,16000,1
ERA5120-0368,psg,c0368_psg_048,4,16000,1
ERA5120-0369,psg,c0369_psg_049,4,16000,1
ERA5120-0370,psg,c0370_psg_050,4,16000,1
ERA5120-0371,psg,c0371_psg_051,4,16000,1
ERA5120-0372,psg,c0372_psg_052,4,16000,1
ERA5120-0373,psg,c0373_psg_053,4,16000,1
ERA5120-0374,psg,c0374_psg_054,4,16000,1
ERA5120-0375,psg,c0375_psg_055,4,16000,1
ERA5120-0376,psg,c0376_psg_056,4,16000,1
ERA5120-0377,psg,c0377_psg_057,4,16000,1
ERA5120-0378,psg,c0378_psg_058,4,16000,1
ERA5120-0379,psg,c0379_psg_059,4,16000,1
ERA5120-0380,psg,c0380_psg_060,4,16000,1
ERA5120-0381,psg,c0381_psg_061,4,16000,1
ERA5120-0382,psg,c0382_psg_062,4,16000,1
ERA5120-0383,psg,c0383_psg_063,4,16000,1
ERA5120-0384,psg,c0384_psg_064,4,16000,1
ERA5120-0385,psg,c0385_psg_065,4,16000,1
ERA5120-0386,psg,c0386_psg_066,4,16000,1
ERA5120-0387,psg,c0387_psg_067,4,16000,1
ERA5120-0388,psg,c0388_psg_068,4,16000,1
ERA5120-0389,psg,c0389_psg_069,4,16000,1
ERA5120-0390,psg,c0390_psg_070,4,16000,1
ERA5120-0391,psg,c0391_psg_071,4,16000,1
ERA5120-0392,psg,c0392_psg_072,4,16000,1
ERA5120-0393,psg,c0393_psg_073,4,16000,1
ERA5120-0394,psg,c0394_psg_074,4,16000,1
ERA5120-0395,psg,c0395_psg_075,4,16000,1
ERA5120-0396,psg,c0396_psg_076,4,16000,1
ERA5120-0397,psg,c0397_psg_077,4,16000,1
ERA5120-0398,psg,c0398_psg_078,4,16000,1
ERA5120-0399,psg,c0399_psg_079,4,16000,1
ERA5120-0400,psg,c0400_psg_080,4,16000,1
ERA5120-0401,psg,c0401_psg_081,4,16000,1
ERA5120-0402,psg,c0402_psg_082,4,16000,1
ERA5120-0403,psg,c0403_psg_083,4,16000,1
ERA5120-0404,psg,c0404_psg_084,4,16000,1
ERA5120-0405,psg,c0405_psg_085,4,16000,1
ERA5120-0406,psg,c0406_psg_086,4,16000,1
ERA5120-0407,psg,c0407_psg_087,4,16000,1
ERA5120-0408,psg,c0408_psg_088,4,16000,1
ERA5120-0409,psg,c0409_psg_089,4,16000,1
ERA5120-0410,psg,c0410_psg_090,4,16000,1
ERA5120-0411,psg,c0411_psg_091,4,16000,1
ERA5120-0412,psg,c0412_psg_092,4,16000,1
ERA5120-0413,psg,c0413_psg_093,4,16000,1
ERA5120-0414,psg,c0414_psg_094,4,16000,1
ERA5120-0415,psg,c0415_psg_095,4,16000,1
ERA5120-0416,psg,c0416_psg_096,4,16000,1
ERA5120-0417,psg,c0417_psg_097,4,16000,1
ERA5120-0418,psg,c0418_psg_098,4,16000,1
ERA5120-0419,psg,c0419_psg_099,4,16000,1
ERA5120-0420,psg,c0420_psg_100,4,16000,1
ERA5120-0421,psg,c0421_psg_101,4,16000,1
ERA5120-0422,psg,c0422_psg_102,4,16000,1
ERA5120-0423,psg,c0423_psg_103,4,16000,1
ERA5120-0424,psg,c0424_psg_104,4,16000,1
ERA5120-0425,psg,c0425_psg_105,4,16000,1
ERA5120-0426,psg,c0426_psg_106,4,16000,1
ERA5120-0427,psg,c0427_psg_107,4,16000,1
ERA5120-0428,psg,c0428_psg_108,4,16000,1
ERA5120-0429,psg,c0429_psg_109,4,16000,1
ERA5120-0430,psg,c0430_psg_110,4,16000,1
ERA5120-0431,psg,c0431_psg_111,4,16000,1
ERA5120-0432,psg,c0432_psg_112,4,16000,1
ERA5120-0433,psg,c0433_psg_113,4,16000,1
ERA5120-0434,psg,c0434_psg_114,4,16000,1
ERA5120-0435,psg,c0435_psg_115,4,16000,1
ERA5120-0436,psg,c0436_psg_116,4,16000,1
ERA5120-0437,psg,c0437_psg_117,4,16000,1
ERA5120-0438,psg,c0438_psg_118,4,16000,1
ERA5120-0439,psg,c0439_psg_119,4,16000,1
ERA5120-0440,psg,c0440_psg_120,4,16000,1
ERA5120-0441,psg,c0441_psg_121,4,16000,1
ERA5120-0442,psg,c0442_psg_122,4,16000,1
ERA5120-0443,psg,c0443_psg_123,4,16000,1
ERA5120-0444,psg,c0444_psg_124,4,16000,1
ERA5120-0445,psg,c0445_psg_125,4,16000,1
ERA5120-0446,psg,c0446_psg_126,4,16000,1
ERA5120-0447,psg,c0447_psg_127,4,16000,1
ERA5120-0448,psg,c0448_psg_128,4,16000,1
ERA5120-0449,psg,c0449_psg_129,4,16000,1
ERA5120-0450,psg,c0450_psg_130,4,16000,1
ERA5120-0451,psg,c0451_psg_131,4,16000,1
ERA5120-0452,psg,c0452_psg_132,4,16000,1
ERA5120-0453,psg,c0453_psg_133,4,16000,1
ERA5120-0454,psg,c0454_psg_134,4,16000,1
ERA5120-0455,psg,c0455_psg_135,4,16000,1
ERA5120-0456,psg,c0456_psg_136,4,16000,1
ERA5120-0457,psg,c0457_psg_137,4,16000,1
ERA5120-0458,psg,c0458_psg_138,4,16000,1
ERA5120-0459,psg,c0459_psg_139,4,16000,1
ERA5120-0460,psg,c0460_psg_140,4,16000,1
ERA5120-0461,psg,c0461_psg_141,4,16000,1
ERA5120-0462,psg,c0462_psg_142,4,16000,1
ERA5120-0463,psg,c0463_psg_143,4,16000,1
ERA5120-0464,psg,c0464_psg_144,4,16000,1
ERA5120-0465,psg,c0465_psg_145,4,16000,1
ERA5120-0466,psg,c0466_psg_146,4,16000,1
ERA5120-0467,psg,c0467_psg_147,4,16000,1
ERA5120-0468,psg,c0468_psg_148,4,16000,1
ERA5120-0469,psg,c0469_psg_149,4,16000,1
ERA5120-0470,psg,c0470_psg_150,4,16000,1
ERA5120-0471,psg,c0471_psg_151,4,16000,1
ERA5120-0472,psg,c0472_psg_152,4,16000,1
ERA5120-0473,psg,c0473_psg_153,4,16000,1
ERA5120-0474,psg,c0474_psg_154,4,16000,1
ERA5120-0475,psg,c0475_psg_155,4,16000,1
ERA5120-0476,psg,c0476_psg_156,4,16000,1
ERA5120-0477,psg,c0477_psg_157,4,16000,1
ERA5120-0478,psg,c0478_psg_158,4,16000,1
ERA5120-0479,psg,c0479_psg_159,4,16000,1
ERA5120-0480,psg,c0480_psg_160,4,16000,1
ERA5120-0481,psg,c0481_psg_161,4,16000,1
ERA5120-0482,psg,c0482_psg_162,4,16000,1
ERA5120-0483,psg,c0483_psg_163,4,16000,1
ERA5120-0484,psg,c0484_psg_164,4,16000,1
ERA5120-0485,psg,c0485_psg_165,4,16000,1
ERA5120-0486,psg,c0486_psg_166,4,16000,1
ERA5120-0487,psg,c0487_psg_167,4,16000,1
ERA5120-0488,psg,c0488_psg_168,4,16000,1
ERA5120-0489,psg,c0489_psg_169,4,16000,1
ERA5120-0490,psg,c0490_psg_170,4,16000,1
ERA5120-0491,psg,c0491_psg_171,4,16000,1
ERA5120-0492,psg,c0492_psg_172,4,16000,1
ERA5120-0493,psg,c0493_psg_173,4,16000,1
ERA5120-0494,psg,c0494_psg_174,4,16000,1
ERA5120-0495,psg,c0495_psg_175,4,16000,1
ERA5120-0496,psg,c0496_psg_176,4,16000,1
ERA5120-0497,psg,c0497_psg_177,4,16000,1
ERA5120-0498,psg,c0498_psg_178,4,16000,1
ERA5120-0499,psg,c0499_psg_179,4,16000,1
ERA5120-0500,psg,c0500_psg_180,4,16000,1
ERA5120-0501,psg,c0501_psg_181,4,16000,1
ERA5120-0502,psg,c0502_psg_182,4,16000,1
ERA5120-0503,psg,c0503_psg_183,4,16000,1
ERA5120-0504,psg,c0504_psg_184,4,16000,1
ERA5120-0505,psg,c0505_psg_185,4,16000,1
ERA5120-0506,psg,c0506_psg_186,4,16000,1
ERA5120-0507,psg,c0507_psg_187,4,16000,1
ERA5120-0508,psg,c0508_psg_188,4,16000,1
ERA5120-0509,psg,c0509_psg_189,4,16000,1
ERA5120-0510,psg,c0510_psg_190,4,16000,1
ERA5120-0511,psg,c0511_psg_191,4,16000,1
ERA5120-0512,psg,c0512_psg_192,4,16000,1
ERA5120-0513,psg,c0513_psg_193,4,16000,1
ERA5120-0514,psg,c0514_psg_194,4,16000,1
ERA5120-0515,psg,c0515_psg_195,4,16000,1
ERA5120-0516,psg,c0516_psg_196,4,16000,1
ERA5120-0517,psg,c0517_psg_197,4,16000,1
ERA5120-0518,psg,c0518_psg_198,4,16000,1
ERA5120-0519,psg,c0519_psg_199,4,16000,1
ERA5120-0520,psg,c0520_psg_200,4,16000,1
ERA5120-0521,psg,c0521_psg_201,4,16000,1
ERA5120-0522,psg,c0522_psg_202,4,16000,1
ERA5120-0523,psg,c0523_psg_203,4,16000,1
ERA5120-0524,psg,c0524_psg_204,4,16000,1
ERA5120-0525,psg,c0525_psg_205,4,16000,1
ERA5120-0526,psg,c0526_psg_206,4,16000,1
ERA5120-0527,psg,c0527_psg_207,4,16000,1
ERA5120-0528,psg,c0528_psg_208,4,16000,1
ERA5120-0529,psg,c0529_psg_209,4,16000,1
ERA5120-0530,psg,c0530_psg_210,4,16000,1
ERA5120-0531,psg,c0531_psg_211,4,16000,1
ERA5120-0532,psg,c0532_psg_212,4,16000,1
ERA5120-0533,psg,c0533_psg_213,4,16000,1
ERA5120-0534,psg,c0534_psg_214,4,16000,1
ERA5120-0535,psg,c0535_psg_215,4,16000,1
ERA5120-0536,psg,c0536_psg_216,4,16000,1
ERA5120-0537,psg,c0537_psg_217,4,16000,1
ERA5120-0538,psg,c0538_psg_218,4,16000,1
ERA5120-0539,psg,c0539_psg_219,4,16000,1
ERA5120-0540,psg,c0540_psg_220,4,16000,1
ERA5120-0541,psg,c0541_psg_221,4,16000,1
ERA5120-0542,psg,c0542_psg_222,4,16000,1
ERA5120-0543,psg,c0543_psg_223,4,16000,1
ERA5120-0544,psg,c0544_psg_224,4,16000,1
ERA5120-0545,psg,c0545_psg_225,4,16000,1
ERA5120-0546,psg,c0546_psg_226,4,16000,1
ERA5120-0547,psg,c0547_psg_227,4,16000,1
ERA5120-0548,psg,c0548_psg_228,4,16000,1
ERA5120-0549,psg,c0549_psg_229,4,16000,1
ERA5120-0550,psg,c0550_psg_230,4,16000,1
ERA5120-0551,psg,c0551_psg_231,4,16000,1
ERA5120-0552,psg,c0552_psg_232,4,16000,1
ERA5120-0553,psg,c0553_psg_233,4,16000,1
ERA5120-0554,psg,c0554_psg_234,4,16000,1
ERA5120-0555,psg,c0555_psg_235,4,16000,1
ERA5120-0556,psg,c0556_psg_236,4,16000,1
ERA5120-0557,psg,c0557_psg_237,4,16000,1
ERA5120-0558,psg,c0558_psg_238,4,16000,1
ERA5120-0559,psg,c0559_psg_239,4,16000,1
ERA5120-0560,psg,c0560_psg_240,4,16000,1
ERA5120-0561,psg,c0561_psg_241,4,16000,1
ERA5120-0562,psg,c0562_psg_242,4,16000,1
ERA5120-0563,psg,c0563_psg_243,4,16000,1
ERA5120-0564,psg,c0564_psg_244,4,16000,1
ERA5120-0565,psg,c0565_psg_245,4,16000,1
ERA5120-0566,psg,c0566_psg_246,4,16000,1
ERA5120-0567,psg,c0567_psg_247,4,16000,1
ERA5120-0568,psg,c0568_psg_248,4,16000,1
ERA5120-0569,psg,c0569_psg_249,4,16000,1
ERA5120-0570,psg,c0570_psg_250,4,16000,1
ERA5120-0571,psg,c0571_psg_251,4,16000,1
ERA5120-0572,psg,c0572_psg_252,4,16000,1
ERA5120-0573,psg,c0573_psg_253,4,16000,1
ERA5120-0574,psg,c0574_psg_254,4,16000,1
ERA5120-0575,psg,c0575_psg_255,4,16000,1
ERA5120-0576,psg,c0576_psg_256,4,16000,1
ERA5120-0577,psg,c0577_psg_257,4,16000,1
ERA5120-0578,psg,c0578_psg_258,4,16000,1
ERA5120-0579,psg,c0579_psg_259,4,16000,1
ERA5120-0580,psg,c0580_psg_260,4,16000,1
ERA5120-0581,psg,c0581_psg_261,4,16000,1
ERA5120-0582,psg,c0582_psg_262,4,16000,1
ERA5120-0583,psg,c0583_psg_263,4,16000,1
ERA5120-0584,psg,c0584_psg_264,4,16000,1
ERA5120-0585,psg,c0585_psg_265,4,16000,1
ERA5120-0586,psg,c0586_psg_266,4,16000,1
ERA5120-0587,psg,c0587_psg_267,4,16000,1
ERA5120-0588,psg,c0588_psg_268,4,16000,1
ERA5120-0589,psg,c0589_psg_269,4,16000,1
ERA5120-0590,psg,c0590_psg_270,4,16000,1
ERA5120-0591,psg,c0591_psg_271,4,16000,1
ERA5120-0592,psg,c0592_psg_272,4,16000,1
ERA5120-0593,psg,c0593_psg_273,4,16000,1
ERA5120-0594,psg,c0594_psg_274,4,16000,1
ERA5120-0595,psg,c0595_psg_275,4,16000,1
ERA5120-0596,psg,c0596_psg_276,4,16000,1
ERA5120-0597,psg,c0597_psg_277,4,16000,1
ERA5120-0598,psg,c0598_psg_278,4,16000,1
ERA5120-0599,psg,c0599_psg_279,4,16000,1
ERA5120-0600,psg,c0600_psg_280,4,16000,1
ERA5120-0601,psg,c0601_psg_281,4,16000,1
ERA5120-0602,psg,c0602_psg_282,4,16000,1
ERA5120-0603,psg,c0603_psg_283,4,16000,1
ERA5120-0604,psg,c0604_psg_284,4,16000,1
ERA5120-0605,psg,c0605_psg_285,4,16000,1
ERA5120-0606,psg,c0606_psg_286,4,16000,1
ERA5120-0607,psg,c0607_psg_287,4,16000,1
ERA5120-0608,psg,c0608_psg_288,4,16000,1
ERA5120-0609,psg,c0609_psg_289,4,16000,1
ERA5120-0610,psg,c0610_psg_290,4,16000,1
ERA5120-0611,psg,c0611_psg_291,4,16000,1
ERA5120-0612,psg,c0612_psg_292,4,16000,1
ERA5120-0613,psg,c0613_psg_293,4,16000,1
ERA5120-0614,psg,c0614_psg_294,4,16000,1
ERA5120-0615,psg,c0615_psg_295,4,16000,1
ERA5120-0616,psg,c0616_psg_296,4,16000,1
ERA5120-0617,psg,c0617_psg_297,4,16000,1
ERA5120-0618,psg,c0618_psg_298,4,16000,1
ERA5120-0619,psg,c0619_psg_299,4,16000,1
ERA5120-0620,psg,c0620_psg_300,4,16000,1
ERA5120-0621,psg,c0621_psg_301,4,16000,1
ERA5120-0622,psg,c0622_psg_302,4,16000,1
ERA5120-0623,psg,c0623_psg_303,4,16000,1
ERA5120-0624,psg,c0624_psg_304,4,16000,1
ERA5120-0625,psg,c0625_psg_305,4,16000,1
ERA5120-0626,psg,c0626_psg_306,4,16000,1
ERA5120-0627,psg,c0627_psg_307,4,16000,1
ERA5120-0628,psg,c0628_psg_308,4,16000,1
ERA5120-0629,psg,c0629_psg_309,4,16000,1
ERA5120-0630,psg,c0630_psg_310,4,16000,1
ERA5120-0631,psg,c0631_psg_311,4,16000,1
ERA5120-0632,psg,c0632_psg_312,4,16000,1
ERA5120-0633,psg,c0633_psg_313,4,16000,1
ERA5120-0634,psg,c0634_psg_314,4,16000,1
ERA5120-0635,psg,c0635_psg_315,4,16000,1
ERA5120-0636,psg,c0636_psg_316,4,16000,1
ERA5120-0637,psg,c0637_psg_317,4,16000,1
ERA5120-0638,psg,c0638_psg_318,4,16000,1
ERA5120-0639,psg,c0639_psg_319,4,16000,1
ERA5120-0640,psg,c0640_psg_320,4,16000,1
ERA5120-0641,sid,c0641_sid_001,3,16000,1
ERA5120-0642,sid,c0642_sid_002,3,16000,1
ERA5120-0643,sid,c0643_sid_003,3,16000,1
ERA5120-0644,sid,c0644_sid_004,3,16000,1
ERA5120-0645,sid,c0645_sid_005,3,16000,1
ERA5120-0646,sid,c0646_sid_006,3,16000,1
ERA5120-0647,sid,c0647_sid_007,3,16000,1
ERA5120-0648,sid,c0648_sid_008,3,16000,1
ERA5120-0649,sid,c0649_sid_009,3,16000,1
ERA5120-0650,sid,c0650_sid_010,3,16000,1
ERA5120-0651,sid,c0651_sid_011,3,16000,1
ERA5120-0652,sid,c0652_sid_012,3,16000,1
ERA5120-0653,sid,c0653_sid_013,3,16000,1
ERA5120-0654,sid,c0654_sid_014,3,16000,1
ERA5120-0655,sid,c0655_sid_015,3,16000,1
ERA5120-0656,sid,c0656_sid_016,3,16000,1
ERA5120-0657,sid,c0657_sid_017,3,16000,1
ERA5120-0658,sid,c0658_sid_018,3,16000,1
ERA5120-0659,sid,c0659_sid_019,3,16000,1
ERA5120-0660,sid,c0660_sid_020,3,16000,1
ERA5120-0661,sid,c0661_sid_021,3,16000,1
ERA5120-0662,sid,c0662_sid_022,3,16000,1
ERA5120-0663,sid,c0663_sid_023,3,16000,1
ERA5120-0664,sid,c0664_sid_024,3,16000,1
ERA5120-0665,sid,c0665_sid_025,3,16000,1
ERA5120-0666,sid,c0666_sid_026,3,16000,1
ERA5120-0667,sid,c0667_sid_027,3,16000,1
ERA5120-0668,sid,c0668_sid_028,3,16000,1
ERA5120-0669,sid,c0669_sid_029,3,16000,1
ERA5120-0670,sid,c0670_sid_030,3,16000,1
ERA5120-0671,sid,c0671_sid_031,3,16000,1
ERA5120-0672,sid,c0672_sid_032,3,16000,1
ERA5120-0673,sid,c0673_sid_033,3,16000,1
ERA5120-0674,sid,c0674_sid_034,3,16000,1
ERA5120-0675,sid,c0675_sid_035,3,16000,1
ERA5120-0676,sid,c0676_sid_036,3,16000,1
ERA5120-0677,sid,c0677_sid_037,3,16000,1
ERA5120-0678,sid,c0678_sid_038,3,16000,1
ERA5120-0679,sid,c0679_sid_039,3,16000,1
ERA5120-0680,sid,c0680_sid_040,3,16000,1
ERA5120-0681,sid,c0681_sid_041,3,16000,1
ERA5120-0682,sid,c0682_sid_042,3,16000,1
ERA5120-0683,sid,c0683_sid_043,3,16000,1
ERA5120-0684,sid,c0684_sid_044,3,16000,1
ERA5120-0685,sid,c0685_sid_045,3,16000,1
ERA5120-0686,sid,c0686_sid_046,3,16000,1
ERA5120-0687,sid,c0687_sid_047,3,16000,1
ERA5120-0688,sid,c0688_sid_048,3,16000,1
ERA5120-0689,sid,c0689_sid_049,3,16000,1
ERA5120-0690,sid,c0690_sid_050,3,16000,1
ERA5120-0691,sid,c0691_sid_051,3,16000,1
ERA5120-0692,sid,c0692_sid_052,3,16000,1
ERA5120-0693,sid,c0693_sid_053,3,16000,1
ERA5120-0694,sid,c0694_sid_054,3,16000,1
ERA5120-0695,sid,c0695_sid_055,3,16000,1
ERA5120-0696,sid,c0696_sid_056,3,16000,1
ERA5120-0697,sid,c0697_sid_057,3,16000,1
ERA5120-0698,sid,c0698_sid_058,3,16000,1
ERA5120-0699,sid,c0699_sid_059,3,16000,1
ERA5120-0700,sid,c0700_sid_060,3,16000,1
ERA5120-0701,sid,c0701_sid_061,3,16000,1
ERA5120-0702,sid,c0702_sid_062,3,16000,1
ERA5120-0703,sid,c0703_sid_063,3,16000,1
ERA5120-0704,sid,c0704_sid_064,3,16000,1
ERA5120-0705,sid,c0705_sid_065,3,16000,1
ERA5120-0706,sid,c0706_sid_066,3,16000,1
ERA5120-0707,sid,c0707_sid_067,3,16000,1
ERA5120-0708,sid,c0708_sid_068,3,16000,1
ERA5120-0709,sid,c0709_sid_069,3,16000,1
ERA5120-0710,sid,c0710_sid_070,3,16000,1
ERA5120-0711,sid,c0711_sid_071,3,16000,1
ERA5120-0712,sid,c0712_sid_072,3,16000,1
ERA5120-0713,sid,c0713_sid_073,3,16000,1
ERA5120-0714,sid,c0714_sid_074,3,16000,1
ERA5120-0715,sid,c0715_sid_075,3,16000,1
ERA5120-0716,sid,c0716_sid_076,3,16000,1
ERA5120-0717,sid,c0717_sid_077,3,16000,1
ERA5120-0718,sid,c0718_sid_078,3,16000,1
ERA5120-0719,sid,c0719_sid_079,3,16000,1
ERA5120-0720,sid,c0720_sid_080,3,16000,1
ERA5120-0721,sid,c0721_sid_081,3,16000,1
ERA5120-0722,sid,c0722_sid_082,3,16000,1
ERA5120-0723,sid,c0723_sid_083,3,16000,1
ERA5120-0724,sid,c0724_sid_084,3,16000,1
ERA5120-0725,sid,c0725_sid_085,3,16000,1
ERA5120-0726,sid,c0726_sid_086,3,16000,1
ERA5120-0727,sid,c0727_sid_087,3,16000,1
ERA5120-0728,sid,c0728_sid_088,3,16000,1
ERA5120-0729,sid,c0729_sid_089,3,16000,1
ERA5120-0730,sid,c0730_sid_090,3,16000,1
ERA5120-0731,sid,c0731_sid_091,3,16000,1
ERA5120-0732,sid,c0732_sid_092,3,16000,1
ERA5120-0733,sid,c0733_sid_093,3,16000,1
ERA5120-0734,sid,c0734_sid_094,3,16000,1
ERA5120-0735,sid,c0735_sid_095,3,16000,1
ERA5120-0736,sid,c0736_sid_096,3,16000,1
ERA5120-0737,sid,c0737_sid_097,3,16000,1
ERA5120-0738,sid,c0738_sid_098,3,16000,1
ERA5120-0739,sid,c0739_sid_099,3,16000,1
ERA5120-0740,sid,c0740_sid_100,3,16000,1
ERA5120-0741,sid,c0741_sid_101,3,16000,1
ERA5120-0742,sid,c0742_sid_102,3,16000,1
ERA5120-0743,sid,c0743_sid_103,3,16000,1
ERA5120-0744,sid,c0744_sid_104,3,16000,1
ERA5120-0745,sid,c0745_sid_105,3,16000,1
ERA5120-0746,sid,c0746_sid_106,3,16000,1
ERA5120-0747,sid,c0747_sid_107,3,16000,1
ERA5120-0748,sid,c0748_sid_108,3,16000,1
ERA5120-0749,sid,c0749_sid_109,3,16000,1
ERA5120-0750,sid,c0750_sid_110,3,16000,1
ERA5120-0751,sid,c0751_sid_111,3,16000,1
ERA5120-0752,sid,c0752_sid_112,3,16000,1
ERA5120-0753,sid,c0753_sid_113,3,16000,1
ERA5120-0754,sid,c0754_sid_114,3,16000,1
ERA5120-0755,sid,c0755_sid_115,3,16000,1
ERA5120-0756,sid,c0756_sid_116,3,16000,1
ERA5120-0757,sid,c0757_sid_117,3,16000,1
ERA5120-0758,sid,c0758_sid_118,3,16000,1
ERA5120-0759,sid,c0759_sid_119,3,16000,1
ERA5120-0760,sid,c0760_sid_120,3,16000,1
ERA5120-0761,sid,c0761_sid_121,3,16000,1
ERA5120-0762,sid,c0762_sid_122,3,16000,1
ERA5120-0763,sid,c0763_sid_123,3,16000,1
ERA5120-0764,sid,c0764_sid_124,3,16000,1
ERA5120-0765,sid,c0765_sid_125,3,16000,1
ERA5120-0766,sid,c0766_sid_126,3,16000,1
ERA5120-0767,sid,c0767_sid_127,3,16000,1
ERA5120-0768,sid,c0768_sid_128,3,16000,1
ERA5120-0769,sid,c0769_sid_129,3,16000,1
ERA5120-0770,sid,c0770_sid_130,3,16000,1
ERA5120-0771,sid,c0771_sid_131,3,16000,1
ERA5120-0772,sid,c0772_sid_132,3,16000,1
ERA5120-0773,sid,c0773_sid_133,3,16000,1
ERA5120-0774,sid,c0774_sid_134,3,16000,1
ERA5120-0775,sid,c0775_sid_135,3,16000,1
ERA5120-0776,sid,c0776_sid_136,3,16000,1
ERA5120-0777,sid,c0777_sid_137,3,16000,1
ERA5120-0778,sid,c0778_sid_138,3,16000,1
ERA5120-0779,sid,c0779_sid_139,3,16000,1
ERA5120-0780,sid,c0780_sid_140,3,16000,1
ERA5120-0781,sid,c0781_sid_141,3,16000,1
ERA5120-0782,sid,c0782_sid_142,3,16000,1
ERA5120-0783,sid,c0783_sid_143,3,16000,1
ERA5120-0784,sid,c0784_sid_144,3,16000,1
ERA5120-0785,sid,c0785_sid_145,3,16000,1
ERA5120-0786,sid,c0786_sid_146,3,16000,1
ERA5120-0787,sid,c0787_sid_147,3,16000,1
ERA5120-0788,sid,c0788_sid_148,3,16000,1
ERA5120-0789,sid,c0789_sid_149,3,16000,1
ERA5120-0790,sid,c0790_sid_150,3,16000,1
ERA5120-0791,sid,c0791_sid_151,3,16000,1
ERA5120-0792,sid,c0792_sid_152,3,16000,1
ERA5120-0793,sid,c0793_sid_153,3,16000,1
ERA5120-0794,sid,c0794_sid_154,3,16000,1
ERA5120-0795,sid,c0795_sid_155,3,16000,1
ERA5120-0796,sid,c0796_sid_156,3,16000,1
ERA5120-0797,sid,c0797_sid_157,3,16000,1
ERA5120-0798,sid,c0798_sid_158,3,16000,1
ERA5120-0799,sid,c0799_sid_159,3,16000,1
ERA5120-0800,sid,c0800_sid_160,3,16000,1
ERA5120-0801,sid,c0801_sid_161,3,16000,1
ERA5120-0802,sid,c0802_sid_162,3,16000,1
ERA5120-0803,sid,c0803_sid_163,3,16000,1
ERA5120-0804,sid,c0804_sid_164,3,16000,1
ERA5120-0805,sid,c0805_sid_165,3,16000,1
ERA5120-0806,sid,c0806_sid_166,3,16000,1
ERA5120-0807,sid,c0807_sid_167,3,16000,1
ERA5120-0808,sid,c0808_sid_168,3,16000,1
ERA5120-0809,sid,c0809_sid_169,3,16000,1
ERA5120-0810,sid,c0810_sid_170,3,16000,1
ERA5120-0811,sid,c0811_sid_171,3,16000,1
ERA5120-0812,sid,c0812_sid_172,3,16000,1
ERA5120-0813,sid,c0813_sid_173,3,16000,1
ERA5120-0814,sid,c0814_sid_174,3,16000,1
ERA5120-0815,sid,c0815_sid_175,3,16000,1
ERA5120-0816,sid,c0816_sid_176,3,16000,1
ERA5120-0817,sid,c0817_sid_177,3,16000,1
ERA5120-0818,sid,c0818_sid_178,3,16000,1
ERA5120-0819,sid,c0819_sid_179,3,16000,1
ERA5120-0820,sid,c0820_sid_180,3,16000,1
ERA5120-0821,sid,c0821_sid_181,3,16000,1
ERA5120-0822,sid,c0822_sid_182,3,16000,1
ERA5120-0823,sid,c0823_sid_183,3,16000,1
ERA5120-0824,sid,c0824_sid_184,3,16000,1
ERA5120-0825,sid,c0825_sid_185,3,16000,1
ERA5120-0826,sid,c0826_sid_186,3,16000,1
ERA5120-0827,sid,c0827_sid_187,3,16000,1
ERA5120-0828,sid,c0828_sid_188,3,16000,1
ERA5120-0829,sid,c0829_sid_189,3,16000,1
ERA5120-0830,sid,c0830_sid_190,3,16000,1
ERA5120-0831,sid,c0831_sid_191,3,16000,1
ERA5120-0832,sid,c0832_sid_192,3,16000,1
ERA5120-0833,sid,c0833_sid_193,3,16000,1
ERA5120-0834,sid,c0834_sid_194,3,16000,1
ERA5120-0835,sid,c0835_sid_195,3,16000,1
ERA5120-0836,sid,c0836_sid_196,3,16000,1
ERA5120-0837,sid,c0837_sid_197,3,16000,1
ERA5120-0838,sid,c0838_sid_198,3,16000,1
ERA5120-0839,sid,c0839_sid_199,3,16000,1
ERA5120-0840,sid,c0840_sid_200,3,16000,1
ERA5120-0841,sid,c0841_sid_201,3,16000,1
ERA5120-0842,sid,c0842_sid_202,3,16000,1
ERA5120-0843,sid,c0843_sid_203,3,16000,1
ERA5120-0844,sid,c0844_sid_204,3,16000,1
ERA5120-0845,sid,c0845_sid_205,3,16000,1
ERA5120-0846,sid,c0846_sid_206,3,16000,1
ERA5120-0847,sid,c0847_sid_207,3,16000,1
ERA5120-0848,sid,c0848_sid_208,3,16000,1
ERA5120-0849,sid,c0849_sid_209,3,16000,1
ERA5120-0850,sid,c0850_sid_210,3,16000,1
ERA5120-0851,sid,c0851_sid_211,3,16000,1
ERA5120-0852,sid,c0852_sid_212,3,16000,1
ERA5120-0853,sid,c0853_sid_213,3,16000,1
ERA5120-0854,sid,c0854_sid_214,3,16000,1
ERA5120-0855,sid,c0855_sid_215,3,16000,1
ERA5120-0856,sid,c0856_sid_216,3,16000,1
ERA5120-0857,sid,c0857_sid_217,3,16000,1
ERA5120-0858,sid,c0858_sid_218,3,16000,1
ERA5120-0859,sid,c0859_sid_219,3,16000,1
ERA5120-0860,sid,c0860_sid_220,3,16000,1
ERA5120-0861,sid,c0861_sid_221,3,16000,1
ERA5120-0862,sid,c0862_sid_222,3,16000,1
ERA5120-0863,sid,c0863_sid_223,3,16000,1
ERA5120-0864,sid,c0864_sid_224,3,16000,1
ERA5120-0865,sid,c0865_sid_225,3,16000,1
ERA5120-0866,sid,c0866_sid_226,3,16000,1
ERA5120-0867,sid,c0867_sid_227,3,16000,1
ERA5120-0868,sid,c0868_sid_228,3,16000,1
ERA5120-0869,sid,c0869_sid_229,3,16000,1
ERA5120-0870,sid,c0870_sid_230,3,16000,1
ERA5120-0871,sid,c0871_sid_231,3,16000,1
ERA5120-0872,sid,c0872_sid_232,3,16000,1
ERA5120-0873,sid,c0873_sid_233,3,16000,1
ERA5120-0874,sid,c0874_sid_234,3,16000,1
ERA5120-0875,sid,c0875_sid_235,3,16000,1
ERA5120-0876,sid,c0876_sid_236,3,16000,1
ERA5120-0877,sid,c0877_sid_237,3,16000,1
ERA5120-0878,sid,c0878_sid_238,3,16000,1
ERA5120-0879,sid,c0879_sid_239,3,16000,1
ERA5120-0880,sid,c0880_sid_240,3,16000,1
ERA5120-0881,sid,c0881_sid_241,3,16000,1
ERA5120-0882,sid,c0882_sid_242,3,16000,1
ERA5120-0883,sid,c0883_sid_243,3,16000,1
ERA5120-0884,sid,c0884_sid_244,3,16000,1
ERA5120-0885,sid,c0885_sid_245,3,16000,1
ERA5120-0886,sid,c0886_sid_246,3,16000,1
ERA5120-0887,sid,c0887_sid_247,3,16000,1
ERA5120-0888,sid,c0888_sid_248,3,16000,1
ERA5120-0889,sid,c0889_sid_249,3,16000,1
ERA5120-0890,sid,c0890_sid_250,3,16000,1
ERA5120-0891,sid,c0891_sid_251,3,16000,1
ERA5120-0892,sid,c0892_sid_252,3,16000,1
ERA5120-0893,sid,c0893_sid_253,3,16000,1
ERA5120-0894,sid,c0894_sid_254,3,16000,1
ERA5120-0895,sid,c0895_sid_255,3,16000,1
ERA5120-0896,sid,c0896_sid_256,3,16000,1
ERA5120-0897,sid,c0897_sid_257,3,16000,1
ERA5120-0898,sid,c0898_sid_258,3,16000,1
ERA5120-0899,sid,c0899_sid_259,3,16000,1
ERA5120-0900,sid,c0900_sid_260,3,16000,1
ERA5120-0901,sid,c0901_sid_261,3,16000,1
ERA5120-0902,sid,c0902_sid_262,3,16000,1
ERA5120-0903,sid,c0903_sid_263,3,16000,1
ERA5120-0904,sid,c0904_sid_264,3,16000,1
ERA5120-0905,sid,c0905_sid_265,3,16000,1
ERA5120-0906,sid,c0906_sid_266,3,16000,1
ERA5120-0907,sid,c0907_sid_267,3,16000,1
ERA5120-0908,sid,c0908_sid_268,3,16000,1
ERA5120-0909,sid,c0909_sid_269,3,16000,1
ERA5120-0910,sid,c0910_sid_270,3,16000,1
ERA5120-0911,sid,c0911_sid_271,3,16000,1
ERA5120-0912,sid,c0912_sid_272,3,16000,1
ERA5120-0913,sid,c0913_sid_273,3,16000,1
ERA5120-0914,sid,c0914_sid_274,3,16000,1
ERA5120-0915,sid,c0915_sid_275,3,16000,1
ERA5120-0916,sid,c0916_sid_276,3,16000,1
ERA5120-0917,sid,c0917_sid_277,3,16000,1
ERA5120-0918,sid,c0918_sid_278,3,16000,1
ERA5120-0919,sid,c0919_sid_279,3,16000,1
ERA5120-0920,sid,c0920_sid_280,3,16000,1
ERA5120-0921,sid,c0921_sid_281,3,16000,1
ERA5120-0922,sid,c0922_sid_282,3,16000,1
ERA5120-0923,sid,c0923_sid_283,3,16000,1
ERA5120-0924,sid,c0924_sid_284,3,16000,1
ERA5120-0925,sid,c0925_sid_285,3,16000,1
ERA5120-0926,sid,c0926_sid_286,3,16000,1
ERA5120-0927,sid,c0927_sid_287,3,16000,1
ERA5120-0928,sid,c0928_sid_288,3,16000,1
ERA5120-0929,sid,c0929_sid_289,3,16000,1
ERA5120-0930,sid,c0930_sid_290,3,16000,1
ERA5120-0931,sid,c0931_sid_291,3,16000,1
ERA5120-0932,sid,c0932_sid_292,3,16000,1
ERA5120-0933,sid,c0933_sid_293,3,16000,1
ERA5120-0934,sid,c0934_sid_294,3,16000,1
ERA5120-0935,sid,c0935_sid_295,3,16000,1
ERA5120-0936,sid,c0936_sid_296,3,16000,1
ERA5120-0937,sid,c0937_sid_297,3,16000,1
ERA5120-0938,sid,c0938_sid_298,3,16000,1
ERA5120-0939,sid,c0939_sid_299,3,16000,1
ERA5120-0940,sid,c0940_sid_300,3,16000,1
ERA5120-0941,sid,c0941_sid_301,3,16000,1
ERA5120-0942,sid,c0942_sid_302,3,16000,1
ERA5120-0943,sid,c0943_sid_303,3,16000,1
ERA5120-0944,sid,c0944_sid_304,3,16000,1
ERA5120-0945,sid,c0945_sid_305,3,16000,1
ERA5120-0946,sid,c0946_sid_306,3,16000,1
ERA5120-0947,sid,c0947_sid_307,3,16000,1
ERA5120-0948,sid,c0948_sid_308,3,16000,1
ERA5120-0949,sid,c0949_sid_309,3,16000,1
ERA5120-0950,sid,c0950_sid_310,3,16000,1
ERA5120-0951,sid,c0951_sid_311,3,16000,1
ERA5120-0952,sid,c0952_sid_312,3,16000,1
ERA5120-0953,sid,c0953_sid_313,3,16000,1
ERA5120-0954,sid,c0954_sid_314,3,16000,1
ERA5120-0955,sid,c0955_sid_315,3,16000,1
ERA5120-0956,sid,c0956_sid_316,3,16000,1
ERA5120-0957,sid,c0957_sid_317,3,16000,1
ERA5120-0958,sid,c0958_sid_318,3,16000,1
ERA5120-0959,sid,c0959_sid_319,3,16000,1
ERA5120-0960,sid,c0960_sid_320,3,16000,1
ERA5120-0961,fm,c0961_fm_001,6,32000,2
ERA5120-0962,fm,c0962_fm_002,6,32000,2
ERA5120-0963,fm,c0963_fm_003,6,32000,2
ERA5120-0964,fm,c0964_fm_004,6,32000,2
ERA5120-0965,fm,c0965_fm_005,6,32000,2
ERA5120-0966,fm,c0966_fm_006,6,32000,2
ERA5120-0967,fm,c0967_fm_007,6,32000,2
ERA5120-0968,fm,c0968_fm_008,6,32000,2
ERA5120-0969,fm,c0969_fm_009,6,32000,2
ERA5120-0970,fm,c0970_fm_010,6,32000,2
ERA5120-0971,fm,c0971_fm_011,6,32000,2
ERA5120-0972,fm,c0972_fm_012,6,32000,2
ERA5120-0973,fm,c0973_fm_013,6,32000,2
ERA5120-0974,fm,c0974_fm_014,6,32000,2
ERA5120-0975,fm,c0975_fm_015,6,32000,2
ERA5120-0976,fm,c0976_fm_016,6,32000,2
ERA5120-0977,fm,c0977_fm_017,6,32000,2
ERA5120-0978,fm,c0978_fm_018,6,32000,2
ERA5120-0979,fm,c0979_fm_019,6,32000,2
ERA5120-0980,fm,c0980_fm_020,6,32000,2
ERA5120-0981,fm,c0981_fm_021,6,32000,2
ERA5120-0982,fm,c0982_fm_022,6,32000,2
ERA5120-0983,fm,c0983_fm_023,6,32000,2
ERA5120-0984,fm,c0984_fm_024,6,32000,2
ERA5120-0985,fm,c0985_fm_025,6,32000,2
ERA5120-0986,fm,c0986_fm_026,6,32000,2
ERA5120-0987,fm,c0987_fm_027,6,32000,2
ERA5120-0988,fm,c0988_fm_028,6,32000,2
ERA5120-0989,fm,c0989_fm_029,6,32000,2
ERA5120-0990,fm,c0990_fm_030,6,32000,2
ERA5120-0991,fm,c0991_fm_031,6,32000,2
ERA5120-0992,fm,c0992_fm_032,6,32000,2
ERA5120-0993,fm,c0993_fm_033,6,32000,2
ERA5120-0994,fm,c0994_fm_034,6,32000,2
ERA5120-0995,fm,c0995_fm_035,6,32000,2
ERA5120-0996,fm,c0996_fm_036,6,32000,2
ERA5120-0997,fm,c0997_fm_037,6,32000,2
ERA5120-0998,fm,c0998_fm_038,6,32000,2
ERA5120-0999,fm,c0999_fm_039,6,32000,2
ERA5120-1000,fm,c1000_fm_040,6,32000,2
ERA5120-1001,fm,c1001_fm_041,6,32000,2
ERA5120-1002,fm,c1002_fm_042,6,32000,2
ERA5120-1003,fm,c1003_fm_043,6,32000,2
ERA5120-1004,fm,c1004_fm_044,6,32000,2
ERA5120-1005,fm,c1005_fm_045,6,32000,2
ERA5120-1006,fm,c1006_fm_046,6,32000,2
ERA5120-1007,fm,c1007_fm_047,6,32000,2
ERA5120-1008,fm,c1008_fm_048,6,32000,2
ERA5120-1009,fm,c1009_fm_049,6,32000,2
ERA5120-1010,fm,c1010_fm_050,6,32000,2
ERA5120-1011,fm,c1011_fm_051,6,32000,2
ERA5120-1012,fm,c1012_fm_052,6,32000,2
ERA5120-1013,fm,c1013_fm_053,6,32000,2
ERA5120-1014,fm,c1014_fm_054,6,32000,2
ERA5120-1015,fm,c1015_fm_055,6,32000,2
ERA5120-1016,fm,c1016_fm_056,6,32000,2
ERA5120-1017,fm,c1017_fm_057,6,32000,2
ERA5120-1018,fm,c1018_fm_058,6,32000,2
ERA5120-1019,fm,c1019_fm_059,6,32000,2
ERA5120-1020,fm,c1020_fm_060,6,32000,2
ERA5120-1021,fm,c1021_fm_061,6,32000,2
ERA5120-1022,fm,c1022_fm_062,6,32000,2
ERA5120-1023,fm,c1023_fm_063,6,32000,2
ERA5120-1024,fm,c1024_fm_064,6,32000,2
ERA5120-1025,fm,c1025_fm_065,6,32000,2
ERA5120-1026,fm,c1026_fm_066,6,32000,2
ERA5120-1027,fm,c1027_fm_067,6,32000,2
ERA5120-1028,fm,c1028_fm_068,6,32000,2
ERA5120-1029,fm,c1029_fm_069,6,32000,2
ERA5120-1030,fm,c1030_fm_070,6,32000,2
ERA5120-1031,fm,c1031_fm_071,6,32000,2
ERA5120-1032,fm,c1032_fm_072,6,32000,2
ERA5120-1033,fm,c1033_fm_073,6,32000,2
ERA5120-1034,fm,c1034_fm_074,6,32000,2
ERA5120-1035,fm,c1035_fm_075,6,32000,2
ERA5120-1036,fm,c1036_fm_076,6,32000,2
ERA5120-1037,fm,c1037_fm_077,6,32000,2
ERA5120-1038,fm,c1038_fm_078,6,32000,2
ERA5120-1039,fm,c1039_fm_079,6,32000,2
ERA5120-1040,fm,c1040_fm_080,6,32000,2
ERA5120-1041,fm,c1041_fm_081,6,32000,2
ERA5120-1042,fm,c1042_fm_082,6,32000,2
ERA5120-1043,fm,c1043_fm_083,6,32000,2
ERA5120-1044,fm,c1044_fm_084,6,32000,2
ERA5120-1045,fm,c1045_fm_085,6,32000,2
ERA5120-1046,fm,c1046_fm_086,6,32000,2
ERA5120-1047,fm,c1047_fm_087,6,32000,2
ERA5120-1048,fm,c1048_fm_088,6,32000,2
ERA5120-1049,fm,c1049_fm_089,6,32000,2
ERA5120-1050,fm,c1050_fm_090,6,32000,2
ERA5120-1051,fm,c1051_fm_091,6,32000,2
ERA5120-1052,fm,c1052_fm_092,6,32000,2
ERA5120-1053,fm,c1053_fm_093,6,32000,2
ERA5120-1054,fm,c1054_fm_094,6,32000,2
ERA5120-1055,fm,c1055_fm_095,6,32000,2
ERA5120-1056,fm,c1056_fm_096,6,32000,2
ERA5120-1057,fm,c1057_fm_097,6,32000,2
ERA5120-1058,fm,c1058_fm_098,6,32000,2
ERA5120-1059,fm,c1059_fm_099,6,32000,2
ERA5120-1060,fm,c1060_fm_100,6,32000,2
ERA5120-1061,fm,c1061_fm_101,6,32000,2
ERA5120-1062,fm,c1062_fm_102,6,32000,2
ERA5120-1063,fm,c1063_fm_103,6,32000,2
ERA5120-1064,fm,c1064_fm_104,6,32000,2
ERA5120-1065,fm,c1065_fm_105,6,32000,2
ERA5120-1066,fm,c1066_fm_106,6,32000,2
ERA5120-1067,fm,c1067_fm_107,6,32000,2
ERA5120-1068,fm,c1068_fm_108,6,32000,2
ERA5120-1069,fm,c1069_fm_109,6,32000,2
ERA5120-1070,fm,c1070_fm_110,6,32000,2
ERA5120-1071,fm,c1071_fm_111,6,32000,2
ERA5120-1072,fm,c1072_fm_112,6,32000,2
ERA5120-1073,fm,c1073_fm_113,6,32000,2
ERA5120-1074,fm,c1074_fm_114,6,32000,2
ERA5120-1075,fm,c1075_fm_115,6,32000,2
ERA5120-1076,fm,c1076_fm_116,6,32000,2
ERA5120-1077,fm,c1077_fm_117,6,32000,2
ERA5120-1078,fm,c1078_fm_118,6,32000,2
ERA5120-1079,fm,c1079_fm_119,6,32000,2
ERA5120-1080,fm,c1080_fm_120,6,32000,2
ERA5120-1081,fm,c1081_fm_121,6,32000,2
ERA5120-1082,fm,c1082_fm_122,6,32000,2
ERA5120-1083,fm,c1083_fm_123,6,32000,2
ERA5120-1084,fm,c1084_fm_124,6,32000,2
ERA5120-1085,fm,c1085_fm_125,6,32000,2
ERA5120-1086,fm,c1086_fm_126,6,32000,2
ERA5120-1087,fm,c1087_fm_127,6,32000,2
ERA5120-1088,fm,c1088_fm_128,6,32000,2
ERA5120-1089,fm,c1089_fm_129,6,32000,2
ERA5120-1090,fm,c1090_fm_130,6,32000,2
ERA5120-1091,fm,c1091_fm_131,6,32000,2
ERA5120-1092,fm,c1092_fm_132,6,32000,2
ERA5120-1093,fm,c1093_fm_133,6,32000,2
ERA5120-1094,fm,c1094_fm_134,6,32000,2
ERA5120-1095,fm,c1095_fm_135,6,32000,2
ERA5120-1096,fm,c1096_fm_136,6,32000,2
ERA5120-1097,fm,c1097_fm_137,6,32000,2
ERA5120-1098,fm,c1098_fm_138,6,32000,2
ERA5120-1099,fm,c1099_fm_139,6,32000,2
ERA5120-1100,fm,c1100_fm_140,6,32000,2
ERA5120-1101,fm,c1101_fm_141,6,32000,2
ERA5120-1102,fm,c1102_fm_142,6,32000,2
ERA5120-1103,fm,c1103_fm_143,6,32000,2
ERA5120-1104,fm,c1104_fm_144,6,32000,2
ERA5120-1105,fm,c1105_fm_145,6,32000,2
ERA5120-1106,fm,c1106_fm_146,6,32000,2
ERA5120-1107,fm,c1107_fm_147,6,32000,2
ERA5120-1108,fm,c1108_fm_148,6,32000,2
ERA5120-1109,fm,c1109_fm_149,6,32000,2
ERA5120-1110,fm,c1110_fm_150,6,32000,2
ERA5120-1111,fm,c1111_fm_151,6,32000,2
ERA5120-1112,fm,c1112_fm_152,6,32000,2
ERA5120-1113,fm,c1113_fm_153,6,32000,2
ERA5120-1114,fm,c1114_fm_154,6,32000,2
ERA5120-1115,fm,c1115_fm_155,6,32000,2
ERA5120-1116,fm,c1116_fm_156,6,32000,2
ERA5120-1117,fm,c1117_fm_157,6,32000,2
ERA5120-1118,fm,c1118_fm_158,6,32000,2
ERA5120-1119,fm,c1119_fm_159,6,32000,2
ERA5120-1120,fm,c1120_fm_160,6,32000,2
ERA5120-1121,fm,c1121_fm_161,6,32000,2
ERA5120-1122,fm,c1122_fm_162,6,32000,2
ERA5120-1123,fm,c1123_fm_163,6,32000,2
ERA5120-1124,fm,c1124_fm_164,6,32000,2
ERA5120-1125,fm,c1125_fm_165,6,32000,2
ERA5120-1126,fm,c1126_fm_166,6,32000,2
ERA5120-1127,fm,c1127_fm_167,6,32000,2
ERA5120-1128,fm,c1128_fm_168,6,32000,2
ERA5120-1129,fm,c1129_fm_169,6,32000,2
ERA5120-1130,fm,c1130_fm_170,6,32000,2
ERA5120-1131,fm,c1131_fm_171,6,32000,2
ERA5120-1132,fm,c1132_fm_172,6,32000,2
ERA5120-1133,fm,c1133_fm_173,6,32000,2
ERA5120-1134,fm,c1134_fm_174,6,32000,2
ERA5120-1135,fm,c1135_fm_175,6,32000,2
ERA5120-1136,fm,c1136_fm_176,6,32000,2
ERA5120-1137,fm,c1137_fm_177,6,32000,2
ERA5120-1138,fm,c1138_fm_178,6,32000,2
ERA5120-1139,fm,c1139_fm_179,6,32000,2
ERA5120-1140,fm,c1140_fm_180,6,32000,2
ERA5120-1141,fm,c1141_fm_181,6,32000,2
ERA5120-1142,fm,c1142_fm_182,6,32000,2
ERA5120-1143,fm,c1143_fm_183,6,32000,2
ERA5120-1144,fm,c1144_fm_184,6,32000,2
ERA5120-1145,fm,c1145_fm_185,6,32000,2
ERA5120-1146,fm,c1146_fm_186,6,32000,2
ERA5120-1147,fm,c1147_fm_187,6,32000,2
ERA5120-1148,fm,c1148_fm_188,6,32000,2
ERA5120-1149,fm,c1149_fm_189,6,32000,2
ERA5120-1150,fm,c1150_fm_190,6,32000,2
ERA5120-1151,fm,c1151_fm_191,6,32000,2
ERA5120-1152,fm,c1152_fm_192,6,32000,2
ERA5120-1153,fm,c1153_fm_193,6,32000,2
ERA5120-1154,fm,c1154_fm_194,6,32000,2
ERA5120-1155,fm,c1155_fm_195,6,32000,2
ERA5120-1156,fm,c1156_fm_196,6,32000,2
ERA5120-1157,fm,c1157_fm_197,6,32000,2
ERA5120-1158,fm,c1158_fm_198,6,32000,2
ERA5120-1159,fm,c1159_fm_199,6,32000,2
ERA5120-1160,fm,c1160_fm_200,6,32000,2
ERA5120-1161,fm,c1161_fm_201,6,32000,2
ERA5120-1162,fm,c1162_fm_202,6,32000,2
ERA5120-1163,fm,c1163_fm_203,6,32000,2
ERA5120-1164,fm,c1164_fm_204,6,32000,2
ERA5120-1165,fm,c1165_fm_205,6,32000,2
ERA5120-1166,fm,c1166_fm_206,6,32000,2
ERA5120-1167,fm,c1167_fm_207,6,32000,2
ERA5120-1168,fm,c1168_fm_208,6,32000,2
ERA5120-1169,fm,c1169_fm_209,6,32000,2
ERA5120-1170,fm,c1170_fm_210,6,32000,2
ERA5120-1171,fm,c1171_fm_211,6,32000,2
ERA5120-1172,fm,c1172_fm_212,6,32000,2
ERA5120-1173,fm,c1173_fm_213,6,32000,2
ERA5120-1174,fm,c1174_fm_214,6,32000,2
ERA5120-1175,fm,c1175_fm_215,6,32000,2
ERA5120-1176,fm,c1176_fm_216,6,32000,2
ERA5120-1177,fm,c1177_fm_217,6,32000,2
ERA5120-1178,fm,c1178_fm_218,6,32000,2
ERA5120-1179,fm,c1179_fm_219,6,32000,2
ERA5120-1180,fm,c1180_fm_220,6,32000,2
ERA5120-1181,fm,c1181_fm_221,6,32000,2
ERA5120-1182,fm,c1182_fm_222,6,32000,2
ERA5120-1183,fm,c1183_fm_223,6,32000,2
ERA5120-1184,fm,c1184_fm_224,6,32000,2
ERA5120-1185,fm,c1185_fm_225,6,32000,2
ERA5120-1186,fm,c1186_fm_226,6,32000,2
ERA5120-1187,fm,c1187_fm_227,6,32000,2
ERA5120-1188,fm,c1188_fm_228,6,32000,2
ERA5120-1189,fm,c1189_fm_229,6,32000,2
ERA5120-1190,fm,c1190_fm_230,6,32000,2
ERA5120-1191,fm,c1191_fm_231,6,32000,2
ERA5120-1192,fm,c1192_fm_232,6,32000,2
ERA5120-1193,fm,c1193_fm_233,6,32000,2
ERA5120-1194,fm,c1194_fm_234,6,32000,2
ERA5120-1195,fm,c1195_fm_235,6,32000,2
ERA5120-1196,fm,c1196_fm_236,6,32000,2
ERA5120-1197,fm,c1197_fm_237,6,32000,2
ERA5120-1198,fm,c1198_fm_238,6,32000,2
ERA5120-1199,fm,c1199_fm_239,6,32000,2
ERA5120-1200,fm,c1200_fm_240,6,32000,2
ERA5120-1201,fm,c1201_fm_241,6,32000,2
ERA5120-1202,fm,c1202_fm_242,6,32000,2
ERA5120-1203,fm,c1203_fm_243,6,32000,2
ERA5120-1204,fm,c1204_fm_244,6,32000,2
ERA5120-1205,fm,c1205_fm_245,6,32000,2
ERA5120-1206,fm,c1206_fm_246,6,32000,2
ERA5120-1207,fm,c1207_fm_247,6,32000,2
ERA5120-1208,fm,c1208_fm_248,6,32000,2
ERA5120-1209,fm,c1209_fm_249,6,32000,2
ERA5120-1210,fm,c1210_fm_250,6,32000,2
ERA5120-1211,fm,c1211_fm_251,6,32000,2
ERA5120-1212,fm,c1212_fm_252,6,32000,2
ERA5120-1213,fm,c1213_fm_253,6,32000,2
ERA5120-1214,fm,c1214_fm_254,6,32000,2
ERA5120-1215,fm,c1215_fm_255,6,32000,2
ERA5120-1216,fm,c1216_fm_256,6,32000,2
ERA5120-1217,fm,c1217_fm_257,6,32000,2
ERA5120-1218,fm,c1218_fm_258,6,32000,2
ERA5120-1219,fm,c1219_fm_259,6,32000,2
ERA5120-1220,fm,c1220_fm_260,6,32000,2
ERA5120-1221,fm,c1221_fm_261,6,32000,2
ERA5120-1222,fm,c1222_fm_262,6,32000,2
ERA5120-1223,fm,c1223_fm_263,6,32000,2
ERA5120-1224,fm,c1224_fm_264,6,32000,2
ERA5120-1225,fm,c1225_fm_265,6,32000,2
ERA5120-1226,fm,c1226_fm_266,6,32000,2
ERA5120-1227,fm,c1227_fm_267,6,32000,2
ERA5120-1228,fm,c1228_fm_268,6,32000,2
ERA5120-1229,fm,c1229_fm_269,6,32000,2
ERA5120-1230,fm,c1230_fm_270,6,32000,2
ERA5120-1231,fm,c1231_fm_271,6,32000,2
ERA5120-1232,fm,c1232_fm_272,6,32000,2
ERA5120-1233,fm,c1233_fm_273,6,32000,2
ERA5120-1234,fm,c1234_fm_274,6,32000,2
ERA5120-1235,fm,c1235_fm_275,6,32000,2
ERA5120-1236,fm,c1236_fm_276,6,32000,2
ERA5120-1237,fm,c1237_fm_277,6,32000,2
ERA5120-1238,fm,c1238_fm_278,6,32000,2
ERA5120-1239,fm,c1239_fm_279,6,32000,2
ERA5120-1240,fm,c1240_fm_280,6,32000,2
ERA5120-1241,fm,c1241_fm_281,6,32000,2
ERA5120-1242,fm,c1242_fm_282,6,32000,2
ERA5120-1243,fm,c1243_fm_283,6,32000,2
ERA5120-1244,fm,c1244_fm_284,6,32000,2
ERA5120-1245,fm,c1245_fm_285,6,32000,2
ERA5120-1246,fm,c1246_fm_286,6,32000,2
ERA5120-1247,fm,c1247_fm_287,6,32000,2
ERA5120-1248,fm,c1248_fm_288,6,32000,2
ERA5120-1249,fm,c1249_fm_289,6,32000,2
ERA5120-1250,fm,c1250_fm_290,6,32000,2
ERA5120-1251,fm,c1251_fm_291,6,32000,2
ERA5120-1252,fm,c1252_fm_292,6,32000,2
ERA5120-1253,fm,c1253_fm_293,6,32000,2
ERA5120-1254,fm,c1254_fm_294,6,32000,2
ERA5120-1255,fm,c1255_fm_295,6,32000,2
ERA5120-1256,fm,c1256_fm_296,6,32000,2
ERA5120-1257,fm,c1257_fm_297,6,32000,2
ERA5120-1258,fm,c1258_fm_298,6,32000,2
ERA5120-1259,fm,c1259_fm_299,6,32000,2
ERA5120-1260,fm,c1260_fm_300,6,32000,2
ERA5120-1261,fm,c1261_fm_301,6,32000,2
ERA5120-1262,fm,c1262_fm_302,6,32000,2
ERA5120-1263,fm,c1263_fm_303,6,32000,2
ERA5120-1264,fm,c1264_fm_304,6,32000,2
ERA5120-1265,fm,c1265_fm_305,6,32000,2
ERA5120-1266,fm,c1266_fm_306,6,32000,2
ERA5120-1267,fm,c1267_fm_307,6,32000,2
ERA5120-1268,fm,c1268_fm_308,6,32000,2
ERA5120-1269,fm,c1269_fm_309,6,32000,2
ERA5120-1270,fm,c1270_fm_310,6,32000,2
ERA5120-1271,fm,c1271_fm_311,6,32000,2
ERA5120-1272,fm,c1272_fm_312,6,32000,2
ERA5120-1273,fm,c1273_fm_313,6,32000,2
ERA5120-1274,fm,c1274_fm_314,6,32000,2
ERA5120-1275,fm,c1275_fm_315,6,32000,2
ERA5120-1276,fm,c1276_fm_316,6,32000,2
ERA5120-1277,fm,c1277_fm_317,6,32000,2
ERA5120-1278,fm,c1278_fm_318,6,32000,2
ERA5120-1279,fm,c1279_fm_319,6,32000,2
ERA5120-1280,fm,c1280_fm_320,6,32000,2
ERA5120-1281,wave,c1281_wave_001,8,32000,2
ERA5120-1282,wave,c1282_wave_002,8,32000,2
ERA5120-1283,wave,c1283_wave_003,8,32000,2
ERA5120-1284,wave,c1284_wave_004,8,32000,2
ERA5120-1285,wave,c1285_wave_005,8,32000,2
ERA5120-1286,wave,c1286_wave_006,8,32000,2
ERA5120-1287,wave,c1287_wave_007,8,32000,2
ERA5120-1288,wave,c1288_wave_008,8,32000,2
ERA5120-1289,wave,c1289_wave_009,8,32000,2
ERA5120-1290,wave,c1290_wave_010,8,32000,2
ERA5120-1291,wave,c1291_wave_011,8,32000,2
ERA5120-1292,wave,c1292_wave_012,8,32000,2
ERA5120-1293,wave,c1293_wave_013,8,32000,2
ERA5120-1294,wave,c1294_wave_014,8,32000,2
ERA5120-1295,wave,c1295_wave_015,8,32000,2
ERA5120-1296,wave,c1296_wave_016,8,32000,2
ERA5120-1297,wave,c1297_wave_017,8,32000,2
ERA5120-1298,wave,c1298_wave_018,8,32000,2
ERA5120-1299,wave,c1299_wave_019,8,32000,2
ERA5120-1300,wave,c1300_wave_020,8,32000,2
ERA5120-1301,wave,c1301_wave_021,8,32000,2
ERA5120-1302,wave,c1302_wave_022,8,32000,2
ERA5120-1303,wave,c1303_wave_023,8,32000,2
ERA5120-1304,wave,c1304_wave_024,8,32000,2
ERA5120-1305,wave,c1305_wave_025,8,32000,2
ERA5120-1306,wave,c1306_wave_026,8,32000,2
ERA5120-1307,wave,c1307_wave_027,8,32000,2
ERA5120-1308,wave,c1308_wave_028,8,32000,2
ERA5120-1309,wave,c1309_wave_029,8,32000,2
ERA5120-1310,wave,c1310_wave_030,8,32000,2
ERA5120-1311,wave,c1311_wave_031,8,32000,2
ERA5120-1312,wave,c1312_wave_032,8,32000,2
ERA5120-1313,wave,c1313_wave_033,8,32000,2
ERA5120-1314,wave,c1314_wave_034,8,32000,2
ERA5120-1315,wave,c1315_wave_035,8,32000,2
ERA5120-1316,wave,c1316_wave_036,8,32000,2
ERA5120-1317,wave,c1317_wave_037,8,32000,2
ERA5120-1318,wave,c1318_wave_038,8,32000,2
ERA5120-1319,wave,c1319_wave_039,8,32000,2
ERA5120-1320,wave,c1320_wave_040,8,32000,2
ERA5120-1321,wave,c1321_wave_041,8,32000,2
ERA5120-1322,wave,c1322_wave_042,8,32000,2
ERA5120-1323,wave,c1323_wave_043,8,32000,2
ERA5120-1324,wave,c1324_wave_044,8,32000,2
ERA5120-1325,wave,c1325_wave_045,8,32000,2
ERA5120-1326,wave,c1326_wave_046,8,32000,2
ERA5120-1327,wave,c1327_wave_047,8,32000,2
ERA5120-1328,wave,c1328_wave_048,8,32000,2
ERA5120-1329,wave,c1329_wave_049,8,32000,2
ERA5120-1330,wave,c1330_wave_050,8,32000,2
ERA5120-1331,wave,c1331_wave_051,8,32000,2
ERA5120-1332,wave,c1332_wave_052,8,32000,2
ERA5120-1333,wave,c1333_wave_053,8,32000,2
ERA5120-1334,wave,c1334_wave_054,8,32000,2
ERA5120-1335,wave,c1335_wave_055,8,32000,2
ERA5120-1336,wave,c1336_wave_056,8,32000,2
ERA5120-1337,wave,c1337_wave_057,8,32000,2
ERA5120-1338,wave,c1338_wave_058,8,32000,2
ERA5120-1339,wave,c1339_wave_059,8,32000,2
ERA5120-1340,wave,c1340_wave_060,8,32000,2
ERA5120-1341,wave,c1341_wave_061,8,32000,2
ERA5120-1342,wave,c1342_wave_062,8,32000,2
ERA5120-1343,wave,c1343_wave_063,8,32000,2
ERA5120-1344,wave,c1344_wave_064,8,32000,2
ERA5120-1345,wave,c1345_wave_065,8,32000,2
ERA5120-1346,wave,c1346_wave_066,8,32000,2
ERA5120-1347,wave,c1347_wave_067,8,32000,2
ERA5120-1348,wave,c1348_wave_068,8,32000,2
ERA5120-1349,wave,c1349_wave_069,8,32000,2
ERA5120-1350,wave,c1350_wave_070,8,32000,2
ERA5120-1351,wave,c1351_wave_071,8,32000,2
ERA5120-1352,wave,c1352_wave_072,8,32000,2
ERA5120-1353,wave,c1353_wave_073,8,32000,2
ERA5120-1354,wave,c1354_wave_074,8,32000,2
ERA5120-1355,wave,c1355_wave_075,8,32000,2
ERA5120-1356,wave,c1356_wave_076,8,32000,2
ERA5120-1357,wave,c1357_wave_077,8,32000,2
ERA5120-1358,wave,c1358_wave_078,8,32000,2
ERA5120-1359,wave,c1359_wave_079,8,32000,2
ERA5120-1360,wave,c1360_wave_080,8,32000,2
ERA5120-1361,wave,c1361_wave_081,8,32000,2
ERA5120-1362,wave,c1362_wave_082,8,32000,2
ERA5120-1363,wave,c1363_wave_083,8,32000,2
ERA5120-1364,wave,c1364_wave_084,8,32000,2
ERA5120-1365,wave,c1365_wave_085,8,32000,2
ERA5120-1366,wave,c1366_wave_086,8,32000,2
ERA5120-1367,wave,c1367_wave_087,8,32000,2
ERA5120-1368,wave,c1368_wave_088,8,32000,2
ERA5120-1369,wave,c1369_wave_089,8,32000,2
ERA5120-1370,wave,c1370_wave_090,8,32000,2
ERA5120-1371,wave,c1371_wave_091,8,32000,2
ERA5120-1372,wave,c1372_wave_092,8,32000,2
ERA5120-1373,wave,c1373_wave_093,8,32000,2
ERA5120-1374,wave,c1374_wave_094,8,32000,2
ERA5120-1375,wave,c1375_wave_095,8,32000,2
ERA5120-1376,wave,c1376_wave_096,8,32000,2
ERA5120-1377,wave,c1377_wave_097,8,32000,2
ERA5120-1378,wave,c1378_wave_098,8,32000,2
ERA5120-1379,wave,c1379_wave_099,8,32000,2
ERA5120-1380,wave,c1380_wave_100,8,32000,2
ERA5120-1381,wave,c1381_wave_101,8,32000,2
ERA5120-1382,wave,c1382_wave_102,8,32000,2
ERA5120-1383,wave,c1383_wave_103,8,32000,2
ERA5120-1384,wave,c1384_wave_104,8,32000,2
ERA5120-1385,wave,c1385_wave_105,8,32000,2
ERA5120-1386,wave,c1386_wave_106,8,32000,2
ERA5120-1387,wave,c1387_wave_107,8,32000,2
ERA5120-1388,wave,c1388_wave_108,8,32000,2
ERA5120-1389,wave,c1389_wave_109,8,32000,2
ERA5120-1390,wave,c1390_wave_110,8,32000,2
ERA5120-1391,wave,c1391_wave_111,8,32000,2
ERA5120-1392,wave,c1392_wave_112,8,32000,2
ERA5120-1393,wave,c1393_wave_113,8,32000,2
ERA5120-1394,wave,c1394_wave_114,8,32000,2
ERA5120-1395,wave,c1395_wave_115,8,32000,2
ERA5120-1396,wave,c1396_wave_116,8,32000,2
ERA5120-1397,wave,c1397_wave_117,8,32000,2
ERA5120-1398,wave,c1398_wave_118,8,32000,2
ERA5120-1399,wave,c1399_wave_119,8,32000,2
ERA5120-1400,wave,c1400_wave_120,8,32000,2
ERA5120-1401,wave,c1401_wave_121,8,32000,2
ERA5120-1402,wave,c1402_wave_122,8,32000,2
ERA5120-1403,wave,c1403_wave_123,8,32000,2
ERA5120-1404,wave,c1404_wave_124,8,32000,2
ERA5120-1405,wave,c1405_wave_125,8,32000,2
ERA5120-1406,wave,c1406_wave_126,8,32000,2
ERA5120-1407,wave,c1407_wave_127,8,32000,2
ERA5120-1408,wave,c1408_wave_128,8,32000,2
ERA5120-1409,wave,c1409_wave_129,8,32000,2
ERA5120-1410,wave,c1410_wave_130,8,32000,2
ERA5120-1411,wave,c1411_wave_131,8,32000,2
ERA5120-1412,wave,c1412_wave_132,8,32000,2
ERA5120-1413,wave,c1413_wave_133,8,32000,2
ERA5120-1414,wave,c1414_wave_134,8,32000,2
ERA5120-1415,wave,c1415_wave_135,8,32000,2
ERA5120-1416,wave,c1416_wave_136,8,32000,2
ERA5120-1417,wave,c1417_wave_137,8,32000,2
ERA5120-1418,wave,c1418_wave_138,8,32000,2
ERA5120-1419,wave,c1419_wave_139,8,32000,2
ERA5120-1420,wave,c1420_wave_140,8,32000,2
ERA5120-1421,wave,c1421_wave_141,8,32000,2
ERA5120-1422,wave,c1422_wave_142,8,32000,2
ERA5120-1423,wave,c1423_wave_143,8,32000,2
ERA5120-1424,wave,c1424_wave_144,8,32000,2
ERA5120-1425,wave,c1425_wave_145,8,32000,2
ERA5120-1426,wave,c1426_wave_146,8,32000,2
ERA5120-1427,wave,c1427_wave_147,8,32000,2
ERA5120-1428,wave,c1428_wave_148,8,32000,2
ERA5120-1429,wave,c1429_wave_149,8,32000,2
ERA5120-1430,wave,c1430_wave_150,8,32000,2
ERA5120-1431,wave,c1431_wave_151,8,32000,2
ERA5120-1432,wave,c1432_wave_152,8,32000,2
ERA5120-1433,wave,c1433_wave_153,8,32000,2
ERA5120-1434,wave,c1434_wave_154,8,32000,2
ERA5120-1435,wave,c1435_wave_155,8,32000,2
ERA5120-1436,wave,c1436_wave_156,8,32000,2
ERA5120-1437,wave,c1437_wave_157,8,32000,2
ERA5120-1438,wave,c1438_wave_158,8,32000,2
ERA5120-1439,wave,c1439_wave_159,8,32000,2
ERA5120-1440,wave,c1440_wave_160,8,32000,2
ERA5120-1441,wave,c1441_wave_161,8,32000,2
ERA5120-1442,wave,c1442_wave_162,8,32000,2
ERA5120-1443,wave,c1443_wave_163,8,32000,2
ERA5120-1444,wave,c1444_wave_164,8,32000,2
ERA5120-1445,wave,c1445_wave_165,8,32000,2
ERA5120-1446,wave,c1446_wave_166,8,32000,2
ERA5120-1447,wave,c1447_wave_167,8,32000,2
ERA5120-1448,wave,c1448_wave_168,8,32000,2
ERA5120-1449,wave,c1449_wave_169,8,32000,2
ERA5120-1450,wave,c1450_wave_170,8,32000,2
ERA5120-1451,wave,c1451_wave_171,8,32000,2
ERA5120-1452,wave,c1452_wave_172,8,32000,2
ERA5120-1453,wave,c1453_wave_173,8,32000,2
ERA5120-1454,wave,c1454_wave_174,8,32000,2
ERA5120-1455,wave,c1455_wave_175,8,32000,2
ERA5120-1456,wave,c1456_wave_176,8,32000,2
ERA5120-1457,wave,c1457_wave_177,8,32000,2
ERA5120-1458,wave,c1458_wave_178,8,32000,2
ERA5120-1459,wave,c1459_wave_179,8,32000,2
ERA5120-1460,wave,c1460_wave_180,8,32000,2
ERA5120-1461,wave,c1461_wave_181,8,32000,2
ERA5120-1462,wave,c1462_wave_182,8,32000,2
ERA5120-1463,wave,c1463_wave_183,8,32000,2
ERA5120-1464,wave,c1464_wave_184,8,32000,2
ERA5120-1465,wave,c1465_wave_185,8,32000,2
ERA5120-1466,wave,c1466_wave_186,8,32000,2
ERA5120-1467,wave,c1467_wave_187,8,32000,2
ERA5120-1468,wave,c1468_wave_188,8,32000,2
ERA5120-1469,wave,c1469_wave_189,8,32000,2
ERA5120-1470,wave,c1470_wave_190,8,32000,2
ERA5120-1471,wave,c1471_wave_191,8,32000,2
ERA5120-1472,wave,c1472_wave_192,8,32000,2
ERA5120-1473,wave,c1473_wave_193,8,32000,2
ERA5120-1474,wave,c1474_wave_194,8,32000,2
ERA5120-1475,wave,c1475_wave_195,8,32000,2
ERA5120-1476,wave,c1476_wave_196,8,32000,2
ERA5120-1477,wave,c1477_wave_197,8,32000,2
ERA5120-1478,wave,c1478_wave_198,8,32000,2
ERA5120-1479,wave,c1479_wave_199,8,32000,2
ERA5120-1480,wave,c1480_wave_200,8,32000,2
ERA5120-1481,wave,c1481_wave_201,8,32000,2
ERA5120-1482,wave,c1482_wave_202,8,32000,2
ERA5120-1483,wave,c1483_wave_203,8,32000,2
ERA5120-1484,wave,c1484_wave_204,8,32000,2
ERA5120-1485,wave,c1485_wave_205,8,32000,2
ERA5120-1486,wave,c1486_wave_206,8,32000,2
ERA5120-1487,wave,c1487_wave_207,8,32000,2
ERA5120-1488,wave,c1488_wave_208,8,32000,2
ERA5120-1489,wave,c1489_wave_209,8,32000,2
ERA5120-1490,wave,c1490_wave_210,8,32000,2
ERA5120-1491,wave,c1491_wave_211,8,32000,2
ERA5120-1492,wave,c1492_wave_212,8,32000,2
ERA5120-1493,wave,c1493_wave_213,8,32000,2
ERA5120-1494,wave,c1494_wave_214,8,32000,2
ERA5120-1495,wave,c1495_wave_215,8,32000,2
ERA5120-1496,wave,c1496_wave_216,8,32000,2
ERA5120-1497,wave,c1497_wave_217,8,32000,2
ERA5120-1498,wave,c1498_wave_218,8,32000,2
ERA5120-1499,wave,c1499_wave_219,8,32000,2
ERA5120-1500,wave,c1500_wave_220,8,32000,2
ERA5120-1501,wave,c1501_wave_221,8,32000,2
ERA5120-1502,wave,c1502_wave_222,8,32000,2
ERA5120-1503,wave,c1503_wave_223,8,32000,2
ERA5120-1504,wave,c1504_wave_224,8,32000,2
ERA5120-1505,wave,c1505_wave_225,8,32000,2
ERA5120-1506,wave,c1506_wave_226,8,32000,2
ERA5120-1507,wave,c1507_wave_227,8,32000,2
ERA5120-1508,wave,c1508_wave_228,8,32000,2
ERA5120-1509,wave,c1509_wave_229,8,32000,2
ERA5120-1510,wave,c1510_wave_230,8,32000,2
ERA5120-1511,wave,c1511_wave_231,8,32000,2
ERA5120-1512,wave,c1512_wave_232,8,32000,2
ERA5120-1513,wave,c1513_wave_233,8,32000,2
ERA5120-1514,wave,c1514_wave_234,8,32000,2
ERA5120-1515,wave,c1515_wave_235,8,32000,2
ERA5120-1516,wave,c1516_wave_236,8,32000,2
ERA5120-1517,wave,c1517_wave_237,8,32000,2
ERA5120-1518,wave,c1518_wave_238,8,32000,2
ERA5120-1519,wave,c1519_wave_239,8,32000,2
ERA5120-1520,wave,c1520_wave_240,8,32000,2
ERA5120-1521,wave,c1521_wave_241,8,32000,2
ERA5120-1522,wave,c1522_wave_242,8,32000,2
ERA5120-1523,wave,c1523_wave_243,8,32000,2
ERA5120-1524,wave,c1524_wave_244,8,32000,2
ERA5120-1525,wave,c1525_wave_245,8,32000,2
ERA5120-1526,wave,c1526_wave_246,8,32000,2
ERA5120-1527,wave,c1527_wave_247,8,32000,2
ERA5120-1528,wave,c1528_wave_248,8,32000,2
ERA5120-1529,wave,c1529_wave_249,8,32000,2
ERA5120-1530,wave,c1530_wave_250,8,32000,2
ERA5120-1531,wave,c1531_wave_251,8,32000,2
ERA5120-1532,wave,c1532_wave_252,8,32000,2
ERA5120-1533,wave,c1533_wave_253,8,32000,2
ERA5120-1534,wave,c1534_wave_254,8,32000,2
ERA5120-1535,wave,c1535_wave_255,8,32000,2
ERA5120-1536,wave,c1536_wave_256,8,32000,2
ERA5120-1537,wave,c1537_wave_257,8,32000,2
ERA5120-1538,wave,c1538_wave_258,8,32000,2
ERA5120-1539,wave,c1539_wave_259,8,32000,2
ERA5120-1540,wave,c1540_wave_260,8,32000,2
ERA5120-1541,wave,c1541_wave_261,8,32000,2
ERA5120-1542,wave,c1542_wave_262,8,32000,2
ERA5120-1543,wave,c1543_wave_263,8,32000,2
ERA5120-1544,wave,c1544_wave_264,8,32000,2
ERA5120-1545,wave,c1545_wave_265,8,32000,2
ERA5120-1546,wave,c1546_wave_266,8,32000,2
ERA5120-1547,wave,c1547_wave_267,8,32000,2
ERA5120-1548,wave,c1548_wave_268,8,32000,2
ERA5120-1549,wave,c1549_wave_269,8,32000,2
ERA5120-1550,wave,c1550_wave_270,8,32000,2
ERA5120-1551,wave,c1551_wave_271,8,32000,2
ERA5120-1552,wave,c1552_wave_272,8,32000,2
ERA5120-1553,wave,c1553_wave_273,8,32000,2
ERA5120-1554,wave,c1554_wave_274,8,32000,2
ERA5120-1555,wave,c1555_wave_275,8,32000,2
ERA5120-1556,wave,c1556_wave_276,8,32000,2
ERA5120-1557,wave,c1557_wave_277,8,32000,2
ERA5120-1558,wave,c1558_wave_278,8,32000,2
ERA5120-1559,wave,c1559_wave_279,8,32000,2
ERA5120-1560,wave,c1560_wave_280,8,32000,2
ERA5120-1561,wave,c1561_wave_281,8,32000,2
ERA5120-1562,wave,c1562_wave_282,8,32000,2
ERA5120-1563,wave,c1563_wave_283,8,32000,2
ERA5120-1564,wave,c1564_wave_284,8,32000,2
ERA5120-1565,wave,c1565_wave_285,8,32000,2
ERA5120-1566,wave,c1566_wave_286,8,32000,2
ERA5120-1567,wave,c1567_wave_287,8,32000,2
ERA5120-1568,wave,c1568_wave_288,8,32000,2
ERA5120-1569,wave,c1569_wave_289,8,32000,2
ERA5120-1570,wave,c1570_wave_290,8,32000,2
ERA5120-1571,wave,c1571_wave_291,8,32000,2
ERA5120-1572,wave,c1572_wave_292,8,32000,2
ERA5120-1573,wave,c1573_wave_293,8,32000,2
ERA5120-1574,wave,c1574_wave_294,8,32000,2
ERA5120-1575,wave,c1575_wave_295,8,32000,2
ERA5120-1576,wave,c1576_wave_296,8,32000,2
ERA5120-1577,wave,c1577_wave_297,8,32000,2
ERA5120-1578,wave,c1578_wave_298,8,32000,2
ERA5120-1579,wave,c1579_wave_299,8,32000,2
ERA5120-1580,wave,c1580_wave_300,8,32000,2
ERA5120-1581,wave,c1581_wave_301,8,32000,2
ERA5120-1582,wave,c1582_wave_302,8,32000,2
ERA5120-1583,wave,c1583_wave_303,8,32000,2
ERA5120-1584,wave,c1584_wave_304,8,32000,2
ERA5120-1585,wave,c1585_wave_305,8,32000,2
ERA5120-1586,wave,c1586_wave_306,8,32000,2
ERA5120-1587,wave,c1587_wave_307,8,32000,2
ERA5120-1588,wave,c1588_wave_308,8,32000,2
ERA5120-1589,wave,c1589_wave_309,8,32000,2
ERA5120-1590,wave,c1590_wave_310,8,32000,2
ERA5120-1591,wave,c1591_wave_311,8,32000,2
ERA5120-1592,wave,c1592_wave_312,8,32000,2
ERA5120-1593,wave,c1593_wave_313,8,32000,2
ERA5120-1594,wave,c1594_wave_314,8,32000,2
ERA5120-1595,wave,c1595_wave_315,8,32000,2
ERA5120-1596,wave,c1596_wave_316,8,32000,2
ERA5120-1597,wave,c1597_wave_317,8,32000,2
ERA5120-1598,wave,c1598_wave_318,8,32000,2
ERA5120-1599,wave,c1599_wave_319,8,32000,2
ERA5120-1600,wave,c1600_wave_320,8,32000,2
ERA5120-1601,tracker,c1601_tracker_001,32,44100,2
ERA5120-1602,tracker,c1602_tracker_002,32,44100,2
ERA5120-1603,tracker,c1603_tracker_003,32,44100,2
ERA5120-1604,tracker,c1604_tracker_004,32,44100,2
ERA5120-1605,tracker,c1605_tracker_005,32,44100,2
ERA5120-1606,tracker,c1606_tracker_006,32,44100,2
ERA5120-1607,tracker,c1607_tracker_007,32,44100,2
ERA5120-1608,tracker,c1608_tracker_008,32,44100,2
ERA5120-1609,tracker,c1609_tracker_009,32,44100,2
ERA5120-1610,tracker,c1610_tracker_010,32,44100,2
ERA5120-1611,tracker,c1611_tracker_011,32,44100,2
ERA5120-1612,tracker,c1612_tracker_012,32,44100,2
ERA5120-1613,tracker,c1613_tracker_013,32,44100,2
ERA5120-1614,tracker,c1614_tracker_014,32,44100,2
ERA5120-1615,tracker,c1615_tracker_015,32,44100,2
ERA5120-1616,tracker,c1616_tracker_016,32,44100,2
ERA5120-1617,tracker,c1617_tracker_017,32,44100,2
ERA5120-1618,tracker,c1618_tracker_018,32,44100,2
ERA5120-1619,tracker,c1619_tracker_019,32,44100,2
ERA5120-1620,tracker,c1620_tracker_020,32,44100,2
ERA5120-1621,tracker,c1621_tracker_021,32,44100,2
ERA5120-1622,tracker,c1622_tracker_022,32,44100,2
ERA5120-1623,tracker,c1623_tracker_023,32,44100,2
ERA5120-1624,tracker,c1624_tracker_024,32,44100,2
ERA5120-1625,tracker,c1625_tracker_025,32,44100,2
ERA5120-1626,tracker,c1626_tracker_026,32,44100,2
ERA5120-1627,tracker,c1627_tracker_027,32,44100,2
ERA5120-1628,tracker,c1628_tracker_028,32,44100,2
ERA5120-1629,tracker,c1629_tracker_029,32,44100,2
ERA5120-1630,tracker,c1630_tracker_030,32,44100,2
ERA5120-1631,tracker,c1631_tracker_031,32,44100,2
ERA5120-1632,tracker,c1632_tracker_032,32,44100,2
ERA5120-1633,tracker,c1633_tracker_033,32,44100,2
ERA5120-1634,tracker,c1634_tracker_034,32,44100,2
ERA5120-1635,tracker,c1635_tracker_035,32,44100,2
ERA5120-1636,tracker,c1636_tracker_036,32,44100,2
ERA5120-1637,tracker,c1637_tracker_037,32,44100,2
ERA5120-1638,tracker,c1638_tracker_038,32,44100,2
ERA5120-1639,tracker,c1639_tracker_039,32,44100,2
ERA5120-1640,tracker,c1640_tracker_040,32,44100,2
ERA5120-1641,tracker,c1641_tracker_041,32,44100,2
ERA5120-1642,tracker,c1642_tracker_042,32,44100,2
ERA5120-1643,tracker,c1643_tracker_043,32,44100,2
ERA5120-1644,tracker,c1644_tracker_044,32,44100,2
ERA5120-1645,tracker,c1645_tracker_045,32,44100,2
ERA5120-1646,tracker,c1646_tracker_046,32,44100,2
ERA5120-1647,tracker,c1647_tracker_047,32,44100,2
ERA5120-1648,tracker,c1648_tracker_048,32,44100,2
ERA5120-1649,tracker,c1649_tracker_049,32,44100,2
ERA5120-1650,tracker,c1650_tracker_050,32,44100,2
ERA5120-1651,tracker,c1651_tracker_051,32,44100,2
ERA5120-1652,tracker,c1652_tracker_052,32,44100,2
ERA5120-1653,tracker,c1653_tracker_053,32,44100,2
ERA5120-1654,tracker,c1654_tracker_054,32,44100,2
ERA5120-1655,tracker,c1655_tracker_055,32,44100,2
ERA5120-1656,tracker,c1656_tracker_056,32,44100,2
ERA5120-1657,tracker,c1657_tracker_057,32,44100,2
ERA5120-1658,tracker,c1658_tracker_058,32,44100,2
ERA5120-1659,tracker,c1659_tracker_059,32,44100,2
ERA5120-1660,tracker,c1660_tracker_060,32,44100,2
ERA5120-1661,tracker,c1661_tracker_061,32,44100,2
ERA5120-1662,tracker,c1662_tracker_062,32,44100,2
ERA5120-1663,tracker,c1663_tracker_063,32,44100,2
ERA5120-1664,tracker,c1664_tracker_064,32,44100,2
ERA5120-1665,tracker,c1665_tracker_065,32,44100,2
ERA5120-1666,tracker,c1666_tracker_066,32,44100,2
ERA5120-1667,tracker,c1667_tracker_067,32,44100,2
ERA5120-1668,tracker,c1668_tracker_068,32,44100,2
ERA5120-1669,tracker,c1669_tracker_069,32,44100,2
ERA5120-1670,tracker,c1670_tracker_070,32,44100,2
ERA5120-1671,tracker,c1671_tracker_071,32,44100,2
ERA5120-1672,tracker,c1672_tracker_072,32,44100,2
ERA5120-1673,tracker,c1673_tracker_073,32,44100,2
ERA5120-1674,tracker,c1674_tracker_074,32,44100,2
ERA5120-1675,tracker,c1675_tracker_075,32,44100,2
ERA5120-1676,tracker,c1676_tracker_076,32,44100,2
ERA5120-1677,tracker,c1677_tracker_077,32,44100,2
ERA5120-1678,tracker,c1678_tracker_078,32,44100,2
ERA5120-1679,tracker,c1679_tracker_079,32,44100,2
ERA5120-1680,tracker,c1680_tracker_080,32,44100,2
ERA5120-1681,tracker,c1681_tracker_081,32,44100,2
ERA5120-1682,tracker,c1682_tracker_082,32,44100,2
ERA5120-1683,tracker,c1683_tracker_083,32,44100,2
ERA5120-1684,tracker,c1684_tracker_084,32,44100,2
ERA5120-1685,tracker,c1685_tracker_085,32,44100,2
ERA5120-1686,tracker,c1686_tracker_086,32,44100,2
ERA5120-1687,tracker,c1687_tracker_087,32,44100,2
ERA5120-1688,tracker,c1688_tracker_088,32,44100,2
ERA5120-1689,tracker,c1689_tracker_089,32,44100,2
ERA5120-1690,tracker,c1690_tracker_090,32,44100,2
ERA5120-1691,tracker,c1691_tracker_091,32,44100,2
ERA5120-1692,tracker,c1692_tracker_092,32,44100,2
ERA5120-1693,tracker,c1693_tracker_093,32,44100,2
ERA5120-1694,tracker,c1694_tracker_094,32,44100,2
ERA5120-1695,tracker,c1695_tracker_095,32,44100,2
ERA5120-1696,tracker,c1696_tracker_096,32,44100,2
ERA5120-1697,tracker,c1697_tracker_097,32,44100,2
ERA5120-1698,tracker,c1698_tracker_098,32,44100,2
ERA5120-1699,tracker,c1699_tracker_099,32,44100,2
ERA5120-1700,tracker,c1700_tracker_100,32,44100,2
ERA5120-1701,tracker,c1701_tracker_101,32,44100,2
ERA5120-1702,tracker,c1702_tracker_102,32,44100,2
ERA5120-1703,tracker,c1703_tracker_103,32,44100,2
ERA5120-1704,tracker,c1704_tracker_104,32,44100,2
ERA5120-1705,tracker,c1705_tracker_105,32,44100,2
ERA5120-1706,tracker,c1706_tracker_106,32,44100,2
ERA5120-1707,tracker,c1707_tracker_107,32,44100,2
ERA5120-1708,tracker,c1708_tracker_108,32,44100,2
ERA5120-1709,tracker,c1709_tracker_109,32,44100,2
ERA5120-1710,tracker,c1710_tracker_110,32,44100,2
ERA5120-1711,tracker,c1711_tracker_111,32,44100,2
ERA5120-1712,tracker,c1712_tracker_112,32,44100,2
ERA5120-1713,tracker,c1713_tracker_113,32,44100,2
ERA5120-1714,tracker,c1714_tracker_114,32,44100,2
ERA5120-1715,tracker,c1715_tracker_115,32,44100,2
ERA5120-1716,tracker,c1716_tracker_116,32,44100,2
ERA5120-1717,tracker,c1717_tracker_117,32,44100,2
ERA5120-1718,tracker,c1718_tracker_118,32,44100,2
ERA5120-1719,tracker,c1719_tracker_119,32,44100,2
ERA5120-1720,tracker,c1720_tracker_120,32,44100,2
ERA5120-1721,tracker,c1721_tracker_121,32,44100,2
ERA5120-1722,tracker,c1722_tracker_122,32,44100,2
ERA5120-1723,tracker,c1723_tracker_123,32,44100,2
ERA5120-1724,tracker,c1724_tracker_124,32,44100,2
ERA5120-1725,tracker,c1725_tracker_125,32,44100,2
ERA5120-1726,tracker,c1726_tracker_126,32,44100,2
ERA5120-1727,tracker,c1727_tracker_127,32,44100,2
ERA5120-1728,tracker,c1728_tracker_128,32,44100,2
ERA5120-1729,tracker,c1729_tracker_129,32,44100,2
ERA5120-1730,tracker,c1730_tracker_130,32,44100,2
ERA5120-1731,tracker,c1731_tracker_131,32,44100,2
ERA5120-1732,tracker,c1732_tracker_132,32,44100,2
ERA5120-1733,tracker,c1733_tracker_133,32,44100,2
ERA5120-1734,tracker,c1734_tracker_134,32,44100,2
ERA5120-1735,tracker,c1735_tracker_135,32,44100,2
ERA5120-1736,tracker,c1736_tracker_136,32,44100,2
ERA5120-1737,tracker,c1737_tracker_137,32,44100,2
ERA5120-1738,tracker,c1738_tracker_138,32,44100,2
ERA5120-1739,tracker,c1739_tracker_139,32,44100,2
ERA5120-1740,tracker,c1740_tracker_140,32,44100,2
ERA5120-1741,tracker,c1741_tracker_141,32,44100,2
ERA5120-1742,tracker,c1742_tracker_142,32,44100,2
ERA5120-1743,tracker,c1743_tracker_143,32,44100,2
ERA5120-1744,tracker,c1744_tracker_144,32,44100,2
ERA5120-1745,tracker,c1745_tracker_145,32,44100,2
ERA5120-1746,tracker,c1746_tracker_146,32,44100,2
ERA5120-1747,tracker,c1747_tracker_147,32,44100,2
ERA5120-1748,tracker,c1748_tracker_148,32,44100,2
ERA5120-1749,tracker,c1749_tracker_149,32,44100,2
ERA5120-1750,tracker,c1750_tracker_150,32,44100,2
ERA5120-1751,tracker,c1751_tracker_151,32,44100,2
ERA5120-1752,tracker,c1752_tracker_152,32,44100,2
ERA5120-1753,tracker,c1753_tracker_153,32,44100,2
ERA5120-1754,tracker,c1754_tracker_154,32,44100,2
ERA5120-1755,tracker,c1755_tracker_155,32,44100,2
ERA5120-1756,tracker,c1756_tracker_156,32,44100,2
ERA5120-1757,tracker,c1757_tracker_157,32,44100,2
ERA5120-1758,tracker,c1758_tracker_158,32,44100,2
ERA5120-1759,tracker,c1759_tracker_159,32,44100,2
ERA5120-1760,tracker,c1760_tracker_160,32,44100,2
ERA5120-1761,tracker,c1761_tracker_161,32,44100,2
ERA5120-1762,tracker,c1762_tracker_162,32,44100,2
ERA5120-1763,tracker,c1763_tracker_163,32,44100,2
ERA5120-1764,tracker,c1764_tracker_164,32,44100,2
ERA5120-1765,tracker,c1765_tracker_165,32,44100,2
ERA5120-1766,tracker,c1766_tracker_166,32,44100,2
ERA5120-1767,tracker,c1767_tracker_167,32,44100,2
ERA5120-1768,tracker,c1768_tracker_168,32,44100,2
ERA5120-1769,tracker,c1769_tracker_169,32,44100,2
ERA5120-1770,tracker,c1770_tracker_170,32,44100,2
ERA5120-1771,tracker,c1771_tracker_171,32,44100,2
ERA5120-1772,tracker,c1772_tracker_172,32,44100,2
ERA5120-1773,tracker,c1773_tracker_173,32,44100,2
ERA5120-1774,tracker,c1774_tracker_174,32,44100,2
ERA5120-1775,tracker,c1775_tracker_175,32,44100,2
ERA5120-1776,tracker,c1776_tracker_176,32,44100,2
ERA5120-1777,tracker,c1777_tracker_177,32,44100,2
ERA5120-1778,tracker,c1778_tracker_178,32,44100,2
ERA5120-1779,tracker,c1779_tracker_179,32,44100,2
ERA5120-1780,tracker,c1780_tracker_180,32,44100,2
ERA5120-1781,tracker,c1781_tracker_181,32,44100,2
ERA5120-1782,tracker,c1782_tracker_182,32,44100,2
ERA5120-1783,tracker,c1783_tracker_183,32,44100,2
ERA5120-1784,tracker,c1784_tracker_184,32,44100,2
ERA5120-1785,tracker,c1785_tracker_185,32,44100,2
ERA5120-1786,tracker,c1786_tracker_186,32,44100,2
ERA5120-1787,tracker,c1787_tracker_187,32,44100,2
ERA5120-1788,tracker,c1788_tracker_188,32,44100,2
ERA5120-1789,tracker,c1789_tracker_189,32,44100,2
ERA5120-1790,tracker,c1790_tracker_190,32,44100,2
ERA5120-1791,tracker,c1791_tracker_191,32,44100,2
ERA5120-1792,tracker,c1792_tracker_192,32,44100,2
ERA5120-1793,tracker,c1793_tracker_193,32,44100,2
ERA5120-1794,tracker,c1794_tracker_194,32,44100,2
ERA5120-1795,tracker,c1795_tracker_195,32,44100,2
ERA5120-1796,tracker,c1796_tracker_196,32,44100,2
ERA5120-1797,tracker,c1797_tracker_197,32,44100,2
ERA5120-1798,tracker,c1798_tracker_198,32,44100,2
ERA5120-1799,tracker,c1799_tracker_199,32,44100,2
ERA5120-1800,tracker,c1800_tracker_200,32,44100,2
ERA5120-1801,tracker,c1801_tracker_201,32,44100,2
ERA5120-1802,tracker,c1802_tracker_202,32,44100,2
ERA5120-1803,tracker,c1803_tracker_203,32,44100,2
ERA5120-1804,tracker,c1804_tracker_204,32,44100,2
ERA5120-1805,tracker,c1805_tracker_205,32,44100,2
ERA5120-1806,tracker,c1806_tracker_206,32,44100,2
ERA5120-1807,tracker,c1807_tracker_207,32,44100,2
ERA5120-1808,tracker,c1808_tracker_208,32,44100,2
ERA5120-1809,tracker,c1809_tracker_209,32,44100,2
ERA5120-1810,tracker,c1810_tracker_210,32,44100,2
ERA5120-1811,tracker,c1811_tracker_211,32,44100,2
ERA5120-1812,tracker,c1812_tracker_212,32,44100,2
ERA5120-1813,tracker,c1813_tracker_213,32,44100,2
ERA5120-1814,tracker,c1814_tracker_214,32,44100,2
ERA5120-1815,tracker,c1815_tracker_215,32,44100,2
ERA5120-1816,tracker,c1816_tracker_216,32,44100,2
ERA5120-1817,tracker,c1817_tracker_217,32,44100,2
ERA5120-1818,tracker,c1818_tracker_218,32,44100,2
ERA5120-1819,tracker,c1819_tracker_219,32,44100,2
ERA5120-1820,tracker,c1820_tracker_220,32,44100,2
ERA5120-1821,tracker,c1821_tracker_221,32,44100,2
ERA5120-1822,tracker,c1822_tracker_222,32,44100,2
ERA5120-1823,tracker,c1823_tracker_223,32,44100,2
ERA5120-1824,tracker,c1824_tracker_224,32,44100,2
ERA5120-1825,tracker,c1825_tracker_225,32,44100,2
ERA5120-1826,tracker,c1826_tracker_226,32,44100,2
ERA5120-1827,tracker,c1827_tracker_227,32,44100,2
ERA5120-1828,tracker,c1828_tracker_228,32,44100,2
ERA5120-1829,tracker,c1829_tracker_229,32,44100,2
ERA5120-1830,tracker,c1830_tracker_230,32,44100,2
ERA5120-1831,tracker,c1831_tracker_231,32,44100,2
ERA5120-1832,tracker,c1832_tracker_232,32,44100,2
ERA5120-1833,tracker,c1833_tracker_233,32,44100,2
ERA5120-1834,tracker,c1834_tracker_234,32,44100,2
ERA5120-1835,tracker,c1835_tracker_235,32,44100,2
ERA5120-1836,tracker,c1836_tracker_236,32,44100,2
ERA5120-1837,tracker,c1837_tracker_237,32,44100,2
ERA5120-1838,tracker,c1838_tracker_238,32,44100,2
ERA5120-1839,tracker,c1839_tracker_239,32,44100,2
ERA5120-1840,tracker,c1840_tracker_240,32,44100,2
ERA5120-1841,tracker,c1841_tracker_241,32,44100,2
ERA5120-1842,tracker,c1842_tracker_242,32,44100,2
ERA5120-1843,tracker,c1843_tracker_243,32,44100,2
ERA5120-1844,tracker,c1844_tracker_244,32,44100,2
ERA5120-1845,tracker,c1845_tracker_245,32,44100,2
ERA5120-1846,tracker,c1846_tracker_246,32,44100,2
ERA5120-1847,tracker,c1847_tracker_247,32,44100,2
ERA5120-1848,tracker,c1848_tracker_248,32,44100,2
ERA5120-1849,tracker,c1849_tracker_249,32,44100,2
ERA5120-1850,tracker,c1850_tracker_250,32,44100,2
ERA5120-1851,tracker,c1851_tracker_251,32,44100,2
ERA5120-1852,tracker,c1852_tracker_252,32,44100,2
ERA5120-1853,tracker,c1853_tracker_253,32,44100,2
ERA5120-1854,tracker,c1854_tracker_254,32,44100,2
ERA5120-1855,tracker,c1855_tracker_255,32,44100,2
ERA5120-1856,tracker,c1856_tracker_256,32,44100,2
ERA5120-1857,tracker,c1857_tracker_257,32,44100,2
ERA5120-1858,tracker,c1858_tracker_258,32,44100,2
ERA5120-1859,tracker,c1859_tracker_259,32,44100,2
ERA5120-1860,tracker,c1860_tracker_260,32,44100,2
ERA5120-1861,tracker,c1861_tracker_261,32,44100,2
ERA5120-1862,tracker,c1862_tracker_262,32,44100,2
ERA5120-1863,tracker,c1863_tracker_263,32,44100,2
ERA5120-1864,tracker,c1864_tracker_264,32,44100,2
ERA5120-1865,tracker,c1865_tracker_265,32,44100,2
ERA5120-1866,tracker,c1866_tracker_266,32,44100,2
ERA5120-1867,tracker,c1867_tracker_267,32,44100,2
ERA5120-1868,tracker,c1868_tracker_268,32,44100,2
ERA5120-1869,tracker,c1869_tracker_269,32,44100,2
ERA5120-1870,tracker,c1870_tracker_270,32,44100,2
ERA5120-1871,tracker,c1871_tracker_271,32,44100,2
ERA5120-1872,tracker,c1872_tracker_272,32,44100,2
ERA5120-1873,tracker,c1873_tracker_273,32,44100,2
ERA5120-1874,tracker,c1874_tracker_274,32,44100,2
ERA5120-1875,tracker,c1875_tracker_275,32,44100,2
ERA5120-1876,tracker,c1876_tracker_276,32,44100,2
ERA5120-1877,tracker,c1877_tracker_277,32,44100,2
ERA5120-1878,tracker,c1878_tracker_278,32,44100,2
ERA5120-1879,tracker,c1879_tracker_279,32,44100,2
ERA5120-1880,tracker,c1880_tracker_280,32,44100,2
ERA5120-1881,tracker,c1881_tracker_281,32,44100,2
ERA5120-1882,tracker,c1882_tracker_282,32,44100,2
ERA5120-1883,tracker,c1883_tracker_283,32,44100,2
ERA5120-1884,tracker,c1884_tracker_284,32,44100,2
ERA5120-1885,tracker,c1885_tracker_285,32,44100,2
ERA5120-1886,tracker,c1886_tracker_286,32,44100,2
ERA5120-1887,tracker,c1887_tracker_287,32,44100,2
ERA5120-1888,tracker,c1888_tracker_288,32,44100,2
ERA5120-1889,tracker,c1889_tracker_289,32,44100,2
ERA5120-1890,tracker,c1890_tracker_290,32,44100,2
ERA5120-1891,tracker,c1891_tracker_291,32,44100,2
ERA5120-1892,tracker,c1892_tracker_292,32,44100,2
ERA5120-1893,tracker,c1893_tracker_293,32,44100,2
ERA5120-1894,tracker,c1894_tracker_294,32,44100,2
ERA5120-1895,tracker,c1895_tracker_295,32,44100,2
ERA5120-1896,tracker,c1896_tracker_296,32,44100,2
ERA5120-1897,tracker,c1897_tracker_297,32,44100,2
ERA5120-1898,tracker,c1898_tracker_298,32,44100,2
ERA5120-1899,tracker,c1899_tracker_299,32,44100,2
ERA5120-1900,tracker,c1900_tracker_300,32,44100,2
ERA5120-1901,tracker,c1901_tracker_301,32,44100,2
ERA5120-1902,tracker,c1902_tracker_302,32,44100,2
ERA5120-1903,tracker,c1903_tracker_303,32,44100,2
ERA5120-1904,tracker,c1904_tracker_304,32,44100,2
ERA5120-1905,tracker,c1905_tracker_305,32,44100,2
ERA5120-1906,tracker,c1906_tracker_306,32,44100,2
ERA5120-1907,tracker,c1907_tracker_307,32,44100,2
ERA5120-1908,tracker,c1908_tracker_308,32,44100,2
ERA5120-1909,tracker,c1909_tracker_309,32,44100,2
ERA5120-1910,tracker,c1910_tracker_310,32,44100,2
ERA5120-1911,tracker,c1911_tracker_311,32,44100,2
ERA5120-1912,tracker,c1912_tracker_312,32,44100,2
ERA5120-1913,tracker,c1913_tracker_313,32,44100,2
ERA5120-1914,tracker,c1914_tracker_314,32,44100,2
ERA5120-1915,tracker,c1915_tracker_315,32,44100,2
ERA5120-1916,tracker,c1916_tracker_316,32,44100,2
ERA5120-1917,tracker,c1917_tracker_317,32,44100,2
ERA5120-1918,tracker,c1918_tracker_318,32,44100,2
ERA5120-1919,tracker,c1919_tracker_319,32,44100,2
ERA5120-1920,tracker,c1920_tracker_320,32,44100,2
ERA5120-1921,cdda,c1921_cdda_001,2,44100,2
ERA5120-1922,cdda,c1922_cdda_002,2,44100,2
ERA5120-1923,cdda,c1923_cdda_003,2,44100,2
ERA5120-1924,cdda,c1924_cdda_004,2,44100,2
ERA5120-1925,cdda,c1925_cdda_005,2,44100,2
ERA5120-1926,cdda,c1926_cdda_006,2,44100,2
ERA5120-1927,cdda,c1927_cdda_007,2,44100,2
ERA5120-1928,cdda,c1928_cdda_008,2,44100,2
ERA5120-1929,cdda,c1929_cdda_009,2,44100,2
ERA5120-1930,cdda,c1930_cdda_010,2,44100,2
ERA5120-1931,cdda,c1931_cdda_011,2,44100,2
ERA5120-1932,cdda,c1932_cdda_012,2,44100,2
ERA5120-1933,cdda,c1933_cdda_013,2,44100,2
ERA5120-1934,cdda,c1934_cdda_014,2,44100,2
ERA5120-1935,cdda,c1935_cdda_015,2,44100,2
ERA5120-1936,cdda,c1936_cdda_016,2,44100,2
ERA5120-1937,cdda,c1937_cdda_017,2,44100,2
ERA5120-1938,cdda,c1938_cdda_018,2,44100,2
ERA5120-1939,cdda,c1939_cdda_019,2,44100,2
ERA5120-1940,cdda,c1940_cdda_020,2,44100,2
ERA5120-1941,cdda,c1941_cdda_021,2,44100,2
ERA5120-1942,cdda,c1942_cdda_022,2,44100,2
ERA5120-1943,cdda,c1943_cdda_023,2,44100,2
ERA5120-1944,cdda,c1944_cdda_024,2,44100,2
ERA5120-1945,cdda,c1945_cdda_025,2,44100,2
ERA5120-1946,cdda,c1946_cdda_026,2,44100,2
ERA5120-1947,cdda,c1947_cdda_027,2,44100,2
ERA5120-1948,cdda,c1948_cdda_028,2,44100,2
ERA5120-1949,cdda,c1949_cdda_029,2,44100,2
ERA5120-1950,cdda,c1950_cdda_030,2,44100,2
ERA5120-1951,cdda,c1951_cdda_031,2,44100,2
ERA5120-1952,cdda,c1952_cdda_032,2,44100,2
ERA5120-1953,cdda,c1953_cdda_033,2,44100,2
ERA5120-1954,cdda,c1954_cdda_034,2,44100,2
ERA5120-1955,cdda,c1955_cdda_035,2,44100,2
ERA5120-1956,cdda,c1956_cdda_036,2,44100,2
ERA5120-1957,cdda,c1957_cdda_037,2,44100,2
ERA5120-1958,cdda,c1958_cdda_038,2,44100,2
ERA5120-1959,cdda,c1959_cdda_039,2,44100,2
ERA5120-1960,cdda,c1960_cdda_040,2,44100,2
ERA5120-1961,cdda,c1961_cdda_041,2,44100,2
ERA5120-1962,cdda,c1962_cdda_042,2,44100,2
ERA5120-1963,cdda,c1963_cdda_043,2,44100,2
ERA5120-1964,cdda,c1964_cdda_044,2,44100,2
ERA5120-1965,cdda,c1965_cdda_045,2,44100,2
ERA5120-1966,cdda,c1966_cdda_046,2,44100,2
ERA5120-1967,cdda,c1967_cdda_047,2,44100,2
ERA5120-1968,cdda,c1968_cdda_048,2,44100,2
ERA5120-1969,cdda,c1969_cdda_049,2,44100,2
ERA5120-1970,cdda,c1970_cdda_050,2,44100,2
ERA5120-1971,cdda,c1971_cdda_051,2,44100,2
ERA5120-1972,cdda,c1972_cdda_052,2,44100,2
ERA5120-1973,cdda,c1973_cdda_053,2,44100,2
ERA5120-1974,cdda,c1974_cdda_054,2,44100,2
ERA5120-1975,cdda,c1975_cdda_055,2,44100,2
ERA5120-1976,cdda,c1976_cdda_056,2,44100,2
ERA5120-1977,cdda,c1977_cdda_057,2,44100,2
ERA5120-1978,cdda,c1978_cdda_058,2,44100,2
ERA5120-1979,cdda,c1979_cdda_059,2,44100,2
ERA5120-1980,cdda,c1980_cdda_060,2,44100,2
ERA5120-1981,cdda,c1981_cdda_061,2,44100,2
ERA5120-1982,cdda,c1982_cdda_062,2,44100,2
ERA5120-1983,cdda,c1983_cdda_063,2,44100,2
ERA5120-1984,cdda,c1984_cdda_064,2,44100,2
ERA5120-1985,cdda,c1985_cdda_065,2,44100,2
ERA5120-1986,cdda,c1986_cdda_066,2,44100,2
ERA5120-1987,cdda,c1987_cdda_067,2,44100,2
ERA5120-1988,cdda,c1988_cdda_068,2,44100,2
ERA5120-1989,cdda,c1989_cdda_069,2,44100,2
ERA5120-1990,cdda,c1990_cdda_070,2,44100,2
ERA5120-1991,cdda,c1991_cdda_071,2,44100,2
ERA5120-1992,cdda,c1992_cdda_072,2,44100,2
ERA5120-1993,cdda,c1993_cdda_073,2,44100,2
ERA5120-1994,cdda,c1994_cdda_074,2,44100,2
ERA5120-1995,cdda,c1995_cdda_075,2,44100,2
ERA5120-1996,cdda,c1996_cdda_076,2,44100,2
ERA5120-1997,cdda,c1997_cdda_077,2,44100,2
ERA5120-1998,cdda,c1998_cdda_078,2,44100,2
ERA5120-1999,cdda,c1999_cdda_079,2,44100,2
ERA5120-2000,cdda,c2000_cdda_080,2,44100,2
ERA5120-2001,cdda,c2001_cdda_081,2,44100,2
ERA5120-2002,cdda,c2002_cdda_082,2,44100,2
ERA5120-2003,cdda,c2003_cdda_083,2,44100,2
ERA5120-2004,cdda,c2004_cdda_084,2,44100,2
ERA5120-2005,cdda,c2005_cdda_085,2,44100,2
ERA5120-2006,cdda,c2006_cdda_086,2,44100,2
ERA5120-2007,cdda,c2007_cdda_087,2,44100,2
ERA5120-2008,cdda,c2008_cdda_088,2,44100,2
ERA5120-2009,cdda,c2009_cdda_089,2,44100,2
ERA5120-2010,cdda,c2010_cdda_090,2,44100,2
ERA5120-2011,cdda,c2011_cdda_091,2,44100,2
ERA5120-2012,cdda,c2012_cdda_092,2,44100,2
ERA5120-2013,cdda,c2013_cdda_093,2,44100,2
ERA5120-2014,cdda,c2014_cdda_094,2,44100,2
ERA5120-2015,cdda,c2015_cdda_095,2,44100,2
ERA5120-2016,cdda,c2016_cdda_096,2,44100,2
ERA5120-2017,cdda,c2017_cdda_097,2,44100,2
ERA5120-2018,cdda,c2018_cdda_098,2,44100,2
ERA5120-2019,cdda,c2019_cdda_099,2,44100,2
ERA5120-2020,cdda,c2020_cdda_100,2,44100,2
ERA5120-2021,cdda,c2021_cdda_101,2,44100,2
ERA5120-2022,cdda,c2022_cdda_102,2,44100,2
ERA5120-2023,cdda,c2023_cdda_103,2,44100,2
ERA5120-2024,cdda,c2024_cdda_104,2,44100,2
ERA5120-2025,cdda,c2025_cdda_105,2,44100,2
ERA5120-2026,cdda,c2026_cdda_106,2,44100,2
ERA5120-2027,cdda,c2027_cdda_107,2,44100,2
ERA5120-2028,cdda,c2028_cdda_108,2,44100,2
ERA5120-2029,cdda,c2029_cdda_109,2,44100,2
ERA5120-2030,cdda,c2030_cdda_110,2,44100,2
ERA5120-2031,cdda,c2031_cdda_111,2,44100,2
ERA5120-2032,cdda,c2032_cdda_112,2,44100,2
ERA5120-2033,cdda,c2033_cdda_113,2,44100,2
ERA5120-2034,cdda,c2034_cdda_114,2,44100,2
ERA5120-2035,cdda,c2035_cdda_115,2,44100,2
ERA5120-2036,cdda,c2036_cdda_116,2,44100,2
ERA5120-2037,cdda,c2037_cdda_117,2,44100,2
ERA5120-2038,cdda,c2038_cdda_118,2,44100,2
ERA5120-2039,cdda,c2039_cdda_119,2,44100,2
ERA5120-2040,cdda,c2040_cdda_120,2,44100,2
ERA5120-2041,cdda,c2041_cdda_121,2,44100,2
ERA5120-2042,cdda,c2042_cdda_122,2,44100,2
ERA5120-2043,cdda,c2043_cdda_123,2,44100,2
ERA5120-2044,cdda,c2044_cdda_124,2,44100,2
ERA5120-2045,cdda,c2045_cdda_125,2,44100,2
ERA5120-2046,cdda,c2046_cdda_126,2,44100,2
ERA5120-2047,cdda,c2047_cdda_127,2,44100,2
ERA5120-2048,cdda,c2048_cdda_128,2,44100,2
ERA5120-2049,cdda,c2049_cdda_129,2,44100,2
ERA5120-2050,cdda,c2050_cdda_130,2,44100,2
ERA5120-2051,cdda,c2051_cdda_131,2,44100,2
ERA5120-2052,cdda,c2052_cdda_132,2,44100,2
ERA5120-2053,cdda,c2053_cdda_133,2,44100,2
ERA5120-2054,cdda,c2054_cdda_134,2,44100,2
ERA5120-2055,cdda,c2055_cdda_135,2,44100,2
ERA5120-2056,cdda,c2056_cdda_136,2,44100,2
ERA5120-2057,cdda,c2057_cdda_137,2,44100,2
ERA5120-2058,cdda,c2058_cdda_138,2,44100,2
ERA5120-2059,cdda,c2059_cdda_139,2,44100,2
ERA5120-2060,cdda,c2060_cdda_140,2,44100,2
ERA5120-2061,cdda,c2061_cdda_141,2,44100,2
ERA5120-2062,cdda,c2062_cdda_142,2,44100,2
ERA5120-2063,cdda,c2063_cdda_143,2,44100,2
ERA5120-2064,cdda,c2064_cdda_144,2,44100,2
ERA5120-2065,cdda,c2065_cdda_145,2,44100,2
ERA5120-2066,cdda,c2066_cdda_146,2,44100,2
ERA5120-2067,cdda,c2067_cdda_147,2,44100,2
ERA5120-2068,cdda,c2068_cdda_148,2,44100,2
ERA5120-2069,cdda,c2069_cdda_149,2,44100,2
ERA5120-2070,cdda,c2070_cdda_150,2,44100,2
ERA5120-2071,cdda,c2071_cdda_151,2,44100,2
ERA5120-2072,cdda,c2072_cdda_152,2,44100,2
ERA5120-2073,cdda,c2073_cdda_153,2,44100,2
ERA5120-2074,cdda,c2074_cdda_154,2,44100,2
ERA5120-2075,cdda,c2075_cdda_155,2,44100,2
ERA5120-2076,cdda,c2076_cdda_156,2,44100,2
ERA5120-2077,cdda,c2077_cdda_157,2,44100,2
ERA5120-2078,cdda,c2078_cdda_158,2,44100,2
ERA5120-2079,cdda,c2079_cdda_159,2,44100,2
ERA5120-2080,cdda,c2080_cdda_160,2,44100,2
ERA5120-2081,cdda,c2081_cdda_161,2,44100,2
ERA5120-2082,cdda,c2082_cdda_162,2,44100,2
ERA5120-2083,cdda,c2083_cdda_163,2,44100,2
ERA5120-2084,cdda,c2084_cdda_164,2,44100,2
ERA5120-2085,cdda,c2085_cdda_165,2,44100,2
ERA5120-2086,cdda,c2086_cdda_166,2,44100,2
ERA5120-2087,cdda,c2087_cdda_167,2,44100,2
ERA5120-2088,cdda,c2088_cdda_168,2,44100,2
ERA5120-2089,cdda,c2089_cdda_169,2,44100,2
ERA5120-2090,cdda,c2090_cdda_170,2,44100,2
ERA5120-2091,cdda,c2091_cdda_171,2,44100,2
ERA5120-2092,cdda,c2092_cdda_172,2,44100,2
ERA5120-2093,cdda,c2093_cdda_173,2,44100,2
ERA5120-2094,cdda,c2094_cdda_174,2,44100,2
ERA5120-2095,cdda,c2095_cdda_175,2,44100,2
ERA5120-2096,cdda,c2096_cdda_176,2,44100,2
ERA5120-2097,cdda,c2097_cdda_177,2,44100,2
ERA5120-2098,cdda,c2098_cdda_178,2,44100,2
ERA5120-2099,cdda,c2099_cdda_179,2,44100,2
ERA5120-2100,cdda,c2100_cdda_180,2,44100,2
ERA5120-2101,cdda,c2101_cdda_181,2,44100,2
ERA5120-2102,cdda,c2102_cdda_182,2,44100,2
ERA5120-2103,cdda,c2103_cdda_183,2,44100,2
ERA5120-2104,cdda,c2104_cdda_184,2,44100,2
ERA5120-2105,cdda,c2105_cdda_185,2,44100,2
ERA5120-2106,cdda,c2106_cdda_186,2,44100,2
ERA5120-2107,cdda,c2107_cdda_187,2,44100,2
ERA5120-2108,cdda,c2108_cdda_188,2,44100,2
ERA5120-2109,cdda,c2109_cdda_189,2,44100,2
ERA5120-2110,cdda,c2110_cdda_190,2,44100,2
ERA5120-2111,cdda,c2111_cdda_191,2,44100,2
ERA5120-2112,cdda,c2112_cdda_192,2,44100,2
ERA5120-2113,cdda,c2113_cdda_193,2,44100,2
ERA5120-2114,cdda,c2114_cdda_194,2,44100,2
ERA5120-2115,cdda,c2115_cdda_195,2,44100,2
ERA5120-2116,cdda,c2116_cdda_196,2,44100,2
ERA5120-2117,cdda,c2117_cdda_197,2,44100,2
ERA5120-2118,cdda,c2118_cdda_198,2,44100,2
ERA5120-2119,cdda,c2119_cdda_199,2,44100,2
ERA5120-2120,cdda,c2120_cdda_200,2,44100,2
ERA5120-2121,cdda,c2121_cdda_201,2,44100,2
ERA5120-2122,cdda,c2122_cdda_202,2,44100,2
ERA5120-2123,cdda,c2123_cdda_203,2,44100,2
ERA5120-2124,cdda,c2124_cdda_204,2,44100,2
ERA5120-2125,cdda,c2125_cdda_205,2,44100,2
ERA5120-2126,cdda,c2126_cdda_206,2,44100,2
ERA5120-2127,cdda,c2127_cdda_207,2,44100,2
ERA5120-2128,cdda,c2128_cdda_208,2,44100,2
ERA5120-2129,cdda,c2129_cdda_209,2,44100,2
ERA5120-2130,cdda,c2130_cdda_210,2,44100,2
ERA5120-2131,cdda,c2131_cdda_211,2,44100,2
ERA5120-2132,cdda,c2132_cdda_212,2,44100,2
ERA5120-2133,cdda,c2133_cdda_213,2,44100,2
ERA5120-2134,cdda,c2134_cdda_214,2,44100,2
ERA5120-2135,cdda,c2135_cdda_215,2,44100,2
ERA5120-2136,cdda,c2136_cdda_216,2,44100,2
ERA5120-2137,cdda,c2137_cdda_217,2,44100,2
ERA5120-2138,cdda,c2138_cdda_218,2,44100,2
ERA5120-2139,cdda,c2139_cdda_219,2,44100,2
ERA5120-2140,cdda,c2140_cdda_220,2,44100,2
ERA5120-2141,cdda,c2141_cdda_221,2,44100,2
ERA5120-2142,cdda,c2142_cdda_222,2,44100,2
ERA5120-2143,cdda,c2143_cdda_223,2,44100,2
ERA5120-2144,cdda,c2144_cdda_224,2,44100,2
ERA5120-2145,cdda,c2145_cdda_225,2,44100,2
ERA5120-2146,cdda,c2146_cdda_226,2,44100,2
ERA5120-2147,cdda,c2147_cdda_227,2,44100,2
ERA5120-2148,cdda,c2148_cdda_228,2,44100,2
ERA5120-2149,cdda,c2149_cdda_229,2,44100,2
ERA5120-2150,cdda,c2150_cdda_230,2,44100,2
ERA5120-2151,cdda,c2151_cdda_231,2,44100,2
ERA5120-2152,cdda,c2152_cdda_232,2,44100,2
ERA5120-2153,cdda,c2153_cdda_233,2,44100,2
ERA5120-2154,cdda,c2154_cdda_234,2,44100,2
ERA5120-2155,cdda,c2155_cdda_235,2,44100,2
ERA5120-2156,cdda,c2156_cdda_236,2,44100,2
ERA5120-2157,cdda,c2157_cdda_237,2,44100,2
ERA5120-2158,cdda,c2158_cdda_238,2,44100,2
ERA5120-2159,cdda,c2159_cdda_239,2,44100,2
ERA5120-2160,cdda,c2160_cdda_240,2,44100,2
ERA5120-2161,cdda,c2161_cdda_241,2,44100,2
ERA5120-2162,cdda,c2162_cdda_242,2,44100,2
ERA5120-2163,cdda,c2163_cdda_243,2,44100,2
ERA5120-2164,cdda,c2164_cdda_244,2,44100,2
ERA5120-2165,cdda,c2165_cdda_245,2,44100,2
ERA5120-2166,cdda,c2166_cdda_246,2,44100,2
ERA5120-2167,cdda,c2167_cdda_247,2,44100,2
ERA5120-2168,cdda,c2168_cdda_248,2,44100,2
ERA5120-2169,cdda,c2169_cdda_249,2,44100,2
ERA5120-2170,cdda,c2170_cdda_250,2,44100,2
ERA5120-2171,cdda,c2171_cdda_251,2,44100,2
ERA5120-2172,cdda,c2172_cdda_252,2,44100,2
ERA5120-2173,cdda,c2173_cdda_253,2,44100,2
ERA5120-2174,cdda,c2174_cdda_254,2,44100,2
ERA5120-2175,cdda,c2175_cdda_255,2,44100,2
ERA5120-2176,cdda,c2176_cdda_256,2,44100,2
ERA5120-2177,cdda,c2177_cdda_257,2,44100,2
ERA5120-2178,cdda,c2178_cdda_258,2,44100,2
ERA5120-2179,cdda,c2179_cdda_259,2,44100,2
ERA5120-2180,cdda,c2180_cdda_260,2,44100,2
ERA5120-2181,cdda,c2181_cdda_261,2,44100,2
ERA5120-2182,cdda,c2182_cdda_262,2,44100,2
ERA5120-2183,cdda,c2183_cdda_263,2,44100,2
ERA5120-2184,cdda,c2184_cdda_264,2,44100,2
ERA5120-2185,cdda,c2185_cdda_265,2,44100,2
ERA5120-2186,cdda,c2186_cdda_266,2,44100,2
ERA5120-2187,cdda,c2187_cdda_267,2,44100,2
ERA5120-2188,cdda,c2188_cdda_268,2,44100,2
ERA5120-2189,cdda,c2189_cdda_269,2,44100,2
ERA5120-2190,cdda,c2190_cdda_270,2,44100,2
ERA5120-2191,cdda,c2191_cdda_271,2,44100,2
ERA5120-2192,cdda,c2192_cdda_272,2,44100,2
ERA5120-2193,cdda,c2193_cdda_273,2,44100,2
ERA5120-2194,cdda,c2194_cdda_274,2,44100,2
ERA5120-2195,cdda,c2195_cdda_275,2,44100,2
ERA5120-2196,cdda,c2196_cdda_276,2,44100,2
ERA5120-2197,cdda,c2197_cdda_277,2,44100,2
ERA5120-2198,cdda,c2198_cdda_278,2,44100,2
ERA5120-2199,cdda,c2199_cdda_279,2,44100,2
ERA5120-2200,cdda,c2200_cdda_280,2,44100,2
ERA5120-2201,cdda,c2201_cdda_281,2,44100,2
ERA5120-2202,cdda,c2202_cdda_282,2,44100,2
ERA5120-2203,cdda,c2203_cdda_283,2,44100,2
ERA5120-2204,cdda,c2204_cdda_284,2,44100,2
ERA5120-2205,cdda,c2205_cdda_285,2,44100,2
ERA5120-2206,cdda,c2206_cdda_286,2,44100,2
ERA5120-2207,cdda,c2207_cdda_287,2,44100,2
ERA5120-2208,cdda,c2208_cdda_288,2,44100,2
ERA5120-2209,cdda,c2209_cdda_289,2,44100,2
ERA5120-2210,cdda,c2210_cdda_290,2,44100,2
ERA5120-2211,cdda,c2211_cdda_291,2,44100,2
ERA5120-2212,cdda,c2212_cdda_292,2,44100,2
ERA5120-2213,cdda,c2213_cdda_293,2,44100,2
ERA5120-2214,cdda,c2214_cdda_294,2,44100,2
ERA5120-2215,cdda,c2215_cdda_295,2,44100,2
ERA5120-2216,cdda,c2216_cdda_296,2,44100,2
ERA5120-2217,cdda,c2217_cdda_297,2,44100,2
ERA5120-2218,cdda,c2218_cdda_298,2,44100,2
ERA5120-2219,cdda,c2219_cdda_299,2,44100,2
ERA5120-2220,cdda,c2220_cdda_300,2,44100,2
ERA5120-2221,cdda,c2221_cdda_301,2,44100,2
ERA5120-2222,cdda,c2222_cdda_302,2,44100,2
ERA5120-2223,cdda,c2223_cdda_303,2,44100,2
ERA5120-2224,cdda,c2224_cdda_304,2,44100,2
ERA5120-2225,cdda,c2225_cdda_305,2,44100,2
ERA5120-2226,cdda,c2226_cdda_306,2,44100,2
ERA5120-2227,cdda,c2227_cdda_307,2,44100,2
ERA5120-2228,cdda,c2228_cdda_308,2,44100,2
ERA5120-2229,cdda,c2229_cdda_309,2,44100,2
ERA5120-2230,cdda,c2230_cdda_310,2,44100,2
ERA5120-2231,cdda,c2231_cdda_311,2,44100,2
ERA5120-2232,cdda,c2232_cdda_312,2,44100,2
ERA5120-2233,cdda,c2233_cdda_313,2,44100,2
ERA5120-2234,cdda,c2234_cdda_314,2,44100,2
ERA5120-2235,cdda,c2235_cdda_315,2,44100,2
ERA5120-2236,cdda,c2236_cdda_316,2,44100,2
ERA5120-2237,cdda,c2237_cdda_317,2,44100,2
ERA5120-2238,cdda,c2238_cdda_318,2,44100,2
ERA5120-2239,cdda,c2239_cdda_319,2,44100,2
ERA5120-2240,cdda,c2240_cdda_320,2,44100,2
ERA5120-2241,stream,c2241_stream_001,16,48000,2
ERA5120-2242,stream,c2242_stream_002,16,48000,2
ERA5120-2243,stream,c2243_stream_003,16,48000,2
ERA5120-2244,stream,c2244_stream_004,16,48000,2
ERA5120-2245,stream,c2245_stream_005,16,48000,2
ERA5120-2246,stream,c2246_stream_006,16,48000,2
ERA5120-2247,stream,c2247_stream_007,16,48000,2
ERA5120-2248,stream,c2248_stream_008,16,48000,2
ERA5120-2249,stream,c2249_stream_009,16,48000,2
ERA5120-2250,stream,c2250_stream_010,16,48000,2
ERA5120-2251,stream,c2251_stream_011,16,48000,2
ERA5120-2252,stream,c2252_stream_012,16,48000,2
ERA5120-2253,stream,c2253_stream_013,16,48000,2
ERA5120-2254,stream,c2254_stream_014,16,48000,2
ERA5120-2255,stream,c2255_stream_015,16,48000,2
ERA5120-2256,stream,c2256_stream_016,16,48000,2
ERA5120-2257,stream,c2257_stream_017,16,48000,2
ERA5120-2258,stream,c2258_stream_018,16,48000,2
ERA5120-2259,stream,c2259_stream_019,16,48000,2
ERA5120-2260,stream,c2260_stream_020,16,48000,2
ERA5120-2261,stream,c2261_stream_021,16,48000,2
ERA5120-2262,stream,c2262_stream_022,16,48000,2
ERA5120-2263,stream,c2263_stream_023,16,48000,2
ERA5120-2264,stream,c2264_stream_024,16,48000,2
ERA5120-2265,stream,c2265_stream_025,16,48000,2
ERA5120-2266,stream,c2266_stream_026,16,48000,2
ERA5120-2267,stream,c2267_stream_027,16,48000,2
ERA5120-2268,stream,c2268_stream_028,16,48000,2
ERA5120-2269,stream,c2269_stream_029,16,48000,2
ERA5120-2270,stream,c2270_stream_030,16,48000,2
ERA5120-2271,stream,c2271_stream_031,16,48000,2
ERA5120-2272,stream,c2272_stream_032,16,48000,2
ERA5120-2273,stream,c2273_stream_033,16,48000,2
ERA5120-2274,stream,c2274_stream_034,16,48000,2
ERA5120-2275,stream,c2275_stream_035,16,48000,2
ERA5120-2276,stream,c2276_stream_036,16,48000,2
ERA5120-2277,stream,c2277_stream_037,16,48000,2
ERA5120-2278,stream,c2278_stream_038,16,48000,2
ERA5120-2279,stream,c2279_stream_039,16,48000,2
ERA5120-2280,stream,c2280_stream_040,16,48000,2
ERA5120-2281,stream,c2281_stream_041,16,48000,2
ERA5120-2282,stream,c2282_stream_042,16,48000,2
ERA5120-2283,stream,c2283_stream_043,16,48000,2
ERA5120-2284,stream,c2284_stream_044,16,48000,2
ERA5120-2285,stream,c2285_stream_045,16,48000,2
ERA5120-2286,stream,c2286_stream_046,16,48000,2
ERA5120-2287,stream,c2287_stream_047,16,48000,2
ERA5120-2288,stream,c2288_stream_048,16,48000,2
ERA5120-2289,stream,c2289_stream_049,16,48000,2
ERA5120-2290,stream,c2290_stream_050,16,48000,2
ERA5120-2291,stream,c2291_stream_051,16,48000,2
ERA5120-2292,stream,c2292_stream_052,16,48000,2
ERA5120-2293,stream,c2293_stream_053,16,48000,2
ERA5120-2294,stream,c2294_stream_054,16,48000,2
ERA5120-2295,stream,c2295_stream_055,16,48000,2
ERA5120-2296,stream,c2296_stream_056,16,48000,2
ERA5120-2297,stream,c2297_stream_057,16,48000,2
ERA5120-2298,stream,c2298_stream_058,16,48000,2
ERA5120-2299,stream,c2299_stream_059,16,48000,2
ERA5120-2300,stream,c2300_stream_060,16,48000,2
ERA5120-2301,stream,c2301_stream_061,16,48000,2
ERA5120-2302,stream,c2302_stream_062,16,48000,2
ERA5120-2303,stream,c2303_stream_063,16,48000,2
ERA5120-2304,stream,c2304_stream_064,16,48000,2
ERA5120-2305,stream,c2305_stream_065,16,48000,2
ERA5120-2306,stream,c2306_stream_066,16,48000,2
ERA5120-2307,stream,c2307_stream_067,16,48000,2
ERA5120-2308,stream,c2308_stream_068,16,48000,2
ERA5120-2309,stream,c2309_stream_069,16,48000,2
ERA5120-2310,stream,c2310_stream_070,16,48000,2
ERA5120-2311,stream,c2311_stream_071,16,48000,2
ERA5120-2312,stream,c2312_stream_072,16,48000,2
ERA5120-2313,stream,c2313_stream_073,16,48000,2
ERA5120-2314,stream,c2314_stream_074,16,48000,2
ERA5120-2315,stream,c2315_stream_075,16,48000,2
ERA5120-2316,stream,c2316_stream_076,16,48000,2
ERA5120-2317,stream,c2317_stream_077,16,48000,2
ERA5120-2318,stream,c2318_stream_078,16,48000,2
ERA5120-2319,stream,c2319_stream_079,16,48000,2
ERA5120-2320,stream,c2320_stream_080,16,48000,2
ERA5120-2321,stream,c2321_stream_081,16,48000,2
ERA5120-2322,stream,c2322_stream_082,16,48000,2
ERA5120-2323,stream,c2323_stream_083,16,48000,2
ERA5120-2324,stream,c2324_stream_084,16,48000,2
ERA5120-2325,stream,c2325_stream_085,16,48000,2
ERA5120-2326,stream,c2326_stream_086,16,48000,2
ERA5120-2327,stream,c2327_stream_087,16,48000,2
ERA5120-2328,stream,c2328_stream_088,16,48000,2
ERA5120-2329,stream,c2329_stream_089,16,48000,2
ERA5120-2330,stream,c2330_stream_090,16,48000,2
ERA5120-2331,stream,c2331_stream_091,16,48000,2
ERA5120-2332,stream,c2332_stream_092,16,48000,2
ERA5120-2333,stream,c2333_stream_093,16,48000,2
ERA5120-2334,stream,c2334_stream_094,16,48000,2
ERA5120-2335,stream,c2335_stream_095,16,48000,2
ERA5120-2336,stream,c2336_stream_096,16,48000,2
ERA5120-2337,stream,c2337_stream_097,16,48000,2
ERA5120-2338,stream,c2338_stream_098,16,48000,2
ERA5120-2339,stream,c2339_stream_099,16,48000,2
ERA5120-2340,stream,c2340_stream_100,16,48000,2
ERA5120-2341,stream,c2341_stream_101,16,48000,2
ERA5120-2342,stream,c2342_stream_102,16,48000,2
ERA5120-2343,stream,c2343_stream_103,16,48000,2
ERA5120-2344,stream,c2344_stream_104,16,48000,2
ERA5120-2345,stream,c2345_stream_105,16,48000,2
ERA5120-2346,stream,c2346_stream_106,16,48000,2
ERA5120-2347,stream,c2347_stream_107,16,48000,2
ERA5120-2348,stream,c2348_stream_108,16,48000,2
ERA5120-2349,stream,c2349_stream_109,16,48000,2
ERA5120-2350,stream,c2350_stream_110,16,48000,2
ERA5120-2351,stream,c2351_stream_111,16,48000,2
ERA5120-2352,stream,c2352_stream_112,16,48000,2
ERA5120-2353,stream,c2353_stream_113,16,48000,2
ERA5120-2354,stream,c2354_stream_114,16,48000,2
ERA5120-2355,stream,c2355_stream_115,16,48000,2
ERA5120-2356,stream,c2356_stream_116,16,48000,2
ERA5120-2357,stream,c2357_stream_117,16,48000,2
ERA5120-2358,stream,c2358_stream_118,16,48000,2
ERA5120-2359,stream,c2359_stream_119,16,48000,2
ERA5120-2360,stream,c2360_stream_120,16,48000,2
ERA5120-2361,stream,c2361_stream_121,16,48000,2
ERA5120-2362,stream,c2362_stream_122,16,48000,2
ERA5120-2363,stream,c2363_stream_123,16,48000,2
ERA5120-2364,stream,c2364_stream_124,16,48000,2
ERA5120-2365,stream,c2365_stream_125,16,48000,2
ERA5120-2366,stream,c2366_stream_126,16,48000,2
ERA5120-2367,stream,c2367_stream_127,16,48000,2
ERA5120-2368,stream,c2368_stream_128,16,48000,2
ERA5120-2369,stream,c2369_stream_129,16,48000,2
ERA5120-2370,stream,c2370_stream_130,16,48000,2
ERA5120-2371,stream,c2371_stream_131,16,48000,2
ERA5120-2372,stream,c2372_stream_132,16,48000,2
ERA5120-2373,stream,c2373_stream_133,16,48000,2
ERA5120-2374,stream,c2374_stream_134,16,48000,2
ERA5120-2375,stream,c2375_stream_135,16,48000,2
ERA5120-2376,stream,c2376_stream_136,16,48000,2
ERA5120-2377,stream,c2377_stream_137,16,48000,2
ERA5120-2378,stream,c2378_stream_138,16,48000,2
ERA5120-2379,stream,c2379_stream_139,16,48000,2
ERA5120-2380,stream,c2380_stream_140,16,48000,2
ERA5120-2381,stream,c2381_stream_141,16,48000,2
ERA5120-2382,stream,c2382_stream_142,16,48000,2
ERA5120-2383,stream,c2383_stream_143,16,48000,2
ERA5120-2384,stream,c2384_stream_144,16,48000,2
ERA5120-2385,stream,c2385_stream_145,16,48000,2
ERA5120-2386,stream,c2386_stream_146,16,48000,2
ERA5120-2387,stream,c2387_stream_147,16,48000,2
ERA5120-2388,stream,c2388_stream_148,16,48000,2
ERA5120-2389,stream,c2389_stream_149,16,48000,2
ERA5120-2390,stream,c2390_stream_150,16,48000,2
ERA5120-2391,stream,c2391_stream_151,16,48000,2
ERA5120-2392,stream,c2392_stream_152,16,48000,2
ERA5120-2393,stream,c2393_stream_153,16,48000,2
ERA5120-2394,stream,c2394_stream_154,16,48000,2
ERA5120-2395,stream,c2395_stream_155,16,48000,2
ERA5120-2396,stream,c2396_stream_156,16,48000,2
ERA5120-2397,stream,c2397_stream_157,16,48000,2
ERA5120-2398,stream,c2398_stream_158,16,48000,2
ERA5120-2399,stream,c2399_stream_159,16,48000,2
ERA5120-2400,stream,c2400_stream_160,16,48000,2
ERA5120-2401,stream,c2401_stream_161,16,48000,2
ERA5120-2402,stream,c2402_stream_162,16,48000,2
ERA5120-2403,stream,c2403_stream_163,16,48000,2
ERA5120-2404,stream,c2404_stream_164,16,48000,2
ERA5120-2405,stream,c2405_stream_165,16,48000,2
ERA5120-2406,stream,c2406_stream_166,16,48000,2
ERA5120-2407,stream,c2407_stream_167,16,48000,2
ERA5120-2408,stream,c2408_stream_168,16,48000,2
ERA5120-2409,stream,c2409_stream_169,16,48000,2
ERA5120-2410,stream,c2410_stream_170,16,48000,2
ERA5120-2411,stream,c2411_stream_171,16,48000,2
ERA5120-2412,stream,c2412_stream_172,16,48000,2
ERA5120-2413,stream,c2413_stream_173,16,48000,2
ERA5120-2414,stream,c2414_stream_174,16,48000,2
ERA5120-2415,stream,c2415_stream_175,16,48000,2
ERA5120-2416,stream,c2416_stream_176,16,48000,2
ERA5120-2417,stream,c2417_stream_177,16,48000,2
ERA5120-2418,stream,c2418_stream_178,16,48000,2
ERA5120-2419,stream,c2419_stream_179,16,48000,2
ERA5120-2420,stream,c2420_stream_180,16,48000,2
ERA5120-2421,stream,c2421_stream_181,16,48000,2
ERA5120-2422,stream,c2422_stream_182,16,48000,2
ERA5120-2423,stream,c2423_stream_183,16,48000,2
ERA5120-2424,stream,c2424_stream_184,16,48000,2
ERA5120-2425,stream,c2425_stream_185,16,48000,2
ERA5120-2426,stream,c2426_stream_186,16,48000,2
ERA5120-2427,stream,c2427_stream_187,16,48000,2
ERA5120-2428,stream,c2428_stream_188,16,48000,2
ERA5120-2429,stream,c2429_stream_189,16,48000,2
ERA5120-2430,stream,c2430_stream_190,16,48000,2
ERA5120-2431,stream,c2431_stream_191,16,48000,2
ERA5120-2432,stream,c2432_stream_192,16,48000,2
ERA5120-2433,stream,c2433_stream_193,16,48000,2
ERA5120-2434,stream,c2434_stream_194,16,48000,2
ERA5120-2435,stream,c2435_stream_195,16,48000,2
ERA5120-2436,stream,c2436_stream_196,16,48000,2
ERA5120-2437,stream,c2437_stream_197,16,48000,2
ERA5120-2438,stream,c2438_stream_198,16,48000,2
ERA5120-2439,stream,c2439_stream_199,16,48000,2
ERA5120-2440,stream,c2440_stream_200,16,48000,2
ERA5120-2441,stream,c2441_stream_201,16,48000,2
ERA5120-2442,stream,c2442_stream_202,16,48000,2
ERA5120-2443,stream,c2443_stream_203,16,48000,2
ERA5120-2444,stream,c2444_stream_204,16,48000,2
ERA5120-2445,stream,c2445_stream_205,16,48000,2
ERA5120-2446,stream,c2446_stream_206,16,48000,2
ERA5120-2447,stream,c2447_stream_207,16,48000,2
ERA5120-2448,stream,c2448_stream_208,16,48000,2
ERA5120-2449,stream,c2449_stream_209,16,48000,2
ERA5120-2450,stream,c2450_stream_210,16,48000,2
ERA5120-2451,stream,c2451_stream_211,16,48000,2
ERA5120-2452,stream,c2452_stream_212,16,48000,2
ERA5120-2453,stream,c2453_stream_213,16,48000,2
ERA5120-2454,stream,c2454_stream_214,16,48000,2
ERA5120-2455,stream,c2455_stream_215,16,48000,2
ERA5120-2456,stream,c2456_stream_216,16,48000,2
ERA5120-2457,stream,c2457_stream_217,16,48000,2
ERA5120-2458,stream,c2458_stream_218,16,48000,2
ERA5120-2459,stream,c2459_stream_219,16,48000,2
ERA5120-2460,stream,c2460_stream_220,16,48000,2
ERA5120-2461,stream,c2461_stream_221,16,48000,2
ERA5120-2462,stream,c2462_stream_222,16,48000,2
ERA5120-2463,stream,c2463_stream_223,16,48000,2
ERA5120-2464,stream,c2464_stream_224,16,48000,2
ERA5120-2465,stream,c2465_stream_225,16,48000,2
ERA5120-2466,stream,c2466_stream_226,16,48000,2
ERA5120-2467,stream,c2467_stream_227,16,48000,2
ERA5120-2468,stream,c2468_stream_228,16,48000,2
ERA5120-2469,stream,c2469_stream_229,16,48000,2
ERA5120-2470,stream,c2470_stream_230,16,48000,2
ERA5120-2471,stream,c2471_stream_231,16,48000,2
ERA5120-2472,stream,c2472_stream_232,16,48000,2
ERA5120-2473,stream,c2473_stream_233,16,48000,2
ERA5120-2474,stream,c2474_stream_234,16,48000,2
ERA5120-2475,stream,c2475_stream_235,16,48000,2
ERA5120-2476,stream,c2476_stream_236,16,48000,2
ERA5120-2477,stream,c2477_stream_237,16,48000,2
ERA5120-2478,stream,c2478_stream_238,16,48000,2
ERA5120-2479,stream,c2479_stream_239,16,48000,2
ERA5120-2480,stream,c2480_stream_240,16,48000,2
ERA5120-2481,stream,c2481_stream_241,16,48000,2
ERA5120-2482,stream,c2482_stream_242,16,48000,2
ERA5120-2483,stream,c2483_stream_243,16,48000,2
ERA5120-2484,stream,c2484_stream_244,16,48000,2
ERA5120-2485,stream,c2485_stream_245,16,48000,2
ERA5120-2486,stream,c2486_stream_246,16,48000,2
ERA5120-2487,stream,c2487_stream_247,16,48000,2
ERA5120-2488,stream,c2488_stream_248,16,48000,2
ERA5120-2489,stream,c2489_stream_249,16,48000,2
ERA5120-2490,stream,c2490_stream_250,16,48000,2
ERA5120-2491,stream,c2491_stream_251,16,48000,2
ERA5120-2492,stream,c2492_stream_252,16,48000,2
ERA5120-2493,stream,c2493_stream_253,16,48000,2
ERA5120-2494,stream,c2494_stream_254,16,48000,2
ERA5120-2495,stream,c2495_stream_255,16,48000,2
ERA5120-2496,stream,c2496_stream_256,16,48000,2
ERA5120-2497,stream,c2497_stream_257,16,48000,2
ERA5120-2498,stream,c2498_stream_258,16,48000,2
ERA5120-2499,stream,c2499_stream_259,16,48000,2
ERA5120-2500,stream,c2500_stream_260,16,48000,2
ERA5120-2501,stream,c2501_stream_261,16,48000,2
ERA5120-2502,stream,c2502_stream_262,16,48000,2
ERA5120-2503,stream,c2503_stream_263,16,48000,2
ERA5120-2504,stream,c2504_stream_264,16,48000,2
ERA5120-2505,stream,c2505_stream_265,16,48000,2
ERA5120-2506,stream,c2506_stream_266,16,48000,2
ERA5120-2507,stream,c2507_stream_267,16,48000,2
ERA5120-2508,stream,c2508_stream_268,16,48000,2
ERA5120-2509,stream,c2509_stream_269,16,48000,2
ERA5120-2510,stream,c2510_stream_270,16,48000,2
ERA5120-2511,stream,c2511_stream_271,16,48000,2
ERA5120-2512,stream,c2512_stream_272,16,48000,2
ERA5120-2513,stream,c2513_stream_273,16,48000,2
ERA5120-2514,stream,c2514_stream_274,16,48000,2
ERA5120-2515,stream,c2515_stream_275,16,48000,2
ERA5120-2516,stream,c2516_stream_276,16,48000,2
ERA5120-2517,stream,c2517_stream_277,16,48000,2
ERA5120-2518,stream,c2518_stream_278,16,48000,2
ERA5120-2519,stream,c2519_stream_279,16,48000,2
ERA5120-2520,stream,c2520_stream_280,16,48000,2
ERA5120-2521,stream,c2521_stream_281,16,48000,2
ERA5120-2522,stream,c2522_stream_282,16,48000,2
ERA5120-2523,stream,c2523_stream_283,16,48000,2
ERA5120-2524,stream,c2524_stream_284,16,48000,2
ERA5120-2525,stream,c2525_stream_285,16,48000,2
ERA5120-2526,stream,c2526_stream_286,16,48000,2
ERA5120-2527,stream,c2527_stream_287,16,48000,2
ERA5120-2528,stream,c2528_stream_288,16,48000,2
ERA5120-2529,stream,c2529_stream_289,16,48000,2
ERA5120-2530,stream,c2530_stream_290,16,48000,2
ERA5120-2531,stream,c2531_stream_291,16,48000,2
ERA5120-2532,stream,c2532_stream_292,16,48000,2
ERA5120-2533,stream,c2533_stream_293,16,48000,2
ERA5120-2534,stream,c2534_stream_294,16,48000,2
ERA5120-2535,stream,c2535_stream_295,16,48000,2
ERA5120-2536,stream,c2536_stream_296,16,48000,2
ERA5120-2537,stream,c2537_stream_297,16,48000,2
ERA5120-2538,stream,c2538_stream_298,16,48000,2
ERA5120-2539,stream,c2539_stream_299,16,48000,2
ERA5120-2540,stream,c2540_stream_300,16,48000,2
ERA5120-2541,stream,c2541_stream_301,16,48000,2
ERA5120-2542,stream,c2542_stream_302,16,48000,2
ERA5120-2543,stream,c2543_stream_303,16,48000,2
ERA5120-2544,stream,c2544_stream_304,16,48000,2
ERA5120-2545,stream,c2545_stream_305,16,48000,2
ERA5120-2546,stream,c2546_stream_306,16,48000,2
ERA5120-2547,stream,c2547_stream_307,16,48000,2
ERA5120-2548,stream,c2548_stream_308,16,48000,2
ERA5120-2549,stream,c2549_stream_309,16,48000,2
ERA5120-2550,stream,c2550_stream_310,16,48000,2
ERA5120-2551,stream,c2551_stream_311,16,48000,2
ERA5120-2552,stream,c2552_stream_312,16,48000,2
ERA5120-2553,stream,c2553_stream_313,16,48000,2
ERA5120-2554,stream,c2554_stream_314,16,48000,2
ERA5120-2555,stream,c2555_stream_315,16,48000,2
ERA5120-2556,stream,c2556_stream_316,16,48000,2
ERA5120-2557,stream,c2557_stream_317,16,48000,2
ERA5120-2558,stream,c2558_stream_318,16,48000,2
ERA5120-2559,stream,c2559_stream_319,16,48000,2
ERA5120-2560,stream,c2560_stream_320,16,48000,2
ERA5120-2561,spatial,c2561_spatial_001,8,48000,2
ERA5120-2562,spatial,c2562_spatial_002,8,48000,2
ERA5120-2563,spatial,c2563_spatial_003,8,48000,2
ERA5120-2564,spatial,c2564_spatial_004,8,48000,2
ERA5120-2565,spatial,c2565_spatial_005,8,48000,2
ERA5120-2566,spatial,c2566_spatial_006,8,48000,2
ERA5120-2567,spatial,c2567_spatial_007,8,48000,2
ERA5120-2568,spatial,c2568_spatial_008,8,48000,2
ERA5120-2569,spatial,c2569_spatial_009,8,48000,2
ERA5120-2570,spatial,c2570_spatial_010,8,48000,2
ERA5120-2571,spatial,c2571_spatial_011,8,48000,2
ERA5120-2572,spatial,c2572_spatial_012,8,48000,2
ERA5120-2573,spatial,c2573_spatial_013,8,48000,2
ERA5120-2574,spatial,c2574_spatial_014,8,48000,2
ERA5120-2575,spatial,c2575_spatial_015,8,48000,2
ERA5120-2576,spatial,c2576_spatial_016,8,48000,2
ERA5120-2577,spatial,c2577_spatial_017,8,48000,2
ERA5120-2578,spatial,c2578_spatial_018,8,48000,2
ERA5120-2579,spatial,c2579_spatial_019,8,48000,2
ERA5120-2580,spatial,c2580_spatial_020,8,48000,2
ERA5120-2581,spatial,c2581_spatial_021,8,48000,2
ERA5120-2582,spatial,c2582_spatial_022,8,48000,2
ERA5120-2583,spatial,c2583_spatial_023,8,48000,2
ERA5120-2584,spatial,c2584_spatial_024,8,48000,2
ERA5120-2585,spatial,c2585_spatial_025,8,48000,2
ERA5120-2586,spatial,c2586_spatial_026,8,48000,2
ERA5120-2587,spatial,c2587_spatial_027,8,48000,2
ERA5120-2588,spatial,c2588_spatial_028,8,48000,2
ERA5120-2589,spatial,c2589_spatial_029,8,48000,2
ERA5120-2590,spatial,c2590_spatial_030,8,48000,2
ERA5120-2591,spatial,c2591_spatial_031,8,48000,2
ERA5120-2592,spatial,c2592_spatial_032,8,48000,2
ERA5120-2593,spatial,c2593_spatial_033,8,48000,2
ERA5120-2594,spatial,c2594_spatial_034,8,48000,2
ERA5120-2595,spatial,c2595_spatial_035,8,48000,2
ERA5120-2596,spatial,c2596_spatial_036,8,48000,2
ERA5120-2597,spatial,c2597_spatial_037,8,48000,2
ERA5120-2598,spatial,c2598_spatial_038,8,48000,2
ERA5120-2599,spatial,c2599_spatial_039,8,48000,2
ERA5120-2600,spatial,c2600_spatial_040,8,48000,2
ERA5120-2601,spatial,c2601_spatial_041,8,48000,2
ERA5120-2602,spatial,c2602_spatial_042,8,48000,2
ERA5120-2603,spatial,c2603_spatial_043,8,48000,2
ERA5120-2604,spatial,c2604_spatial_044,8,48000,2
ERA5120-2605,spatial,c2605_spatial_045,8,48000,2
ERA5120-2606,spatial,c2606_spatial_046,8,48000,2
ERA5120-2607,spatial,c2607_spatial_047,8,48000,2
ERA5120-2608,spatial,c2608_spatial_048,8,48000,2
ERA5120-2609,spatial,c2609_spatial_049,8,48000,2
ERA5120-2610,spatial,c2610_spatial_050,8,48000,2
ERA5120-2611,spatial,c2611_spatial_051,8,48000,2
ERA5120-2612,spatial,c2612_spatial_052,8,48000,2
ERA5120-2613,spatial,c2613_spatial_053,8,48000,2
ERA5120-2614,spatial,c2614_spatial_054,8,48000,2
ERA5120-2615,spatial,c2615_spatial_055,8,48000,2
ERA5120-2616,spatial,c2616_spatial_056,8,48000,2
ERA5120-2617,spatial,c2617_spatial_057,8,48000,2
ERA5120-2618,spatial,c2618_spatial_058,8,48000,2
ERA5120-2619,spatial,c2619_spatial_059,8,48000,2
ERA5120-2620,spatial,c2620_spatial_060,8,48000,2
ERA5120-2621,spatial,c2621_spatial_061,8,48000,2
ERA5120-2622,spatial,c2622_spatial_062,8,48000,2
ERA5120-2623,spatial,c2623_spatial_063,8,48000,2
ERA5120-2624,spatial,c2624_spatial_064,8,48000,2
ERA5120-2625,spatial,c2625_spatial_065,8,48000,2
ERA5120-2626,spatial,c2626_spatial_066,8,48000,2
ERA5120-2627,spatial,c2627_spatial_067,8,48000,2
ERA5120-2628,spatial,c2628_spatial_068,8,48000,2
ERA5120-2629,spatial,c2629_spatial_069,8,48000,2
ERA5120-2630,spatial,c2630_spatial_070,8,48000,2
ERA5120-2631,spatial,c2631_spatial_071,8,48000,2
ERA5120-2632,spatial,c2632_spatial_072,8,48000,2
ERA5120-2633,spatial,c2633_spatial_073,8,48000,2
ERA5120-2634,spatial,c2634_spatial_074,8,48000,2
ERA5120-2635,spatial,c2635_spatial_075,8,48000,2
ERA5120-2636,spatial,c2636_spatial_076,8,48000,2
ERA5120-2637,spatial,c2637_spatial_077,8,48000,2
ERA5120-2638,spatial,c2638_spatial_078,8,48000,2
ERA5120-2639,spatial,c2639_spatial_079,8,48000,2
ERA5120-2640,spatial,c2640_spatial_080,8,48000,2
ERA5120-2641,spatial,c2641_spatial_081,8,48000,2
ERA5120-2642,spatial,c2642_spatial_082,8,48000,2
ERA5120-2643,spatial,c2643_spatial_083,8,48000,2
ERA5120-2644,spatial,c2644_spatial_084,8,48000,2
ERA5120-2645,spatial,c2645_spatial_085,8,48000,2
ERA5120-2646,spatial,c2646_spatial_086,8,48000,2
ERA5120-2647,spatial,c2647_spatial_087,8,48000,2
ERA5120-2648,spatial,c2648_spatial_088,8,48000,2
ERA5120-2649,spatial,c2649_spatial_089,8,48000,2
ERA5120-2650,spatial,c2650_spatial_090,8,48000,2
ERA5120-2651,spatial,c2651_spatial_091,8,48000,2
ERA5120-2652,spatial,c2652_spatial_092,8,48000,2
ERA5120-2653,spatial,c2653_spatial_093,8,48000,2
ERA5120-2654,spatial,c2654_spatial_094,8,48000,2
ERA5120-2655,spatial,c2655_spatial_095,8,48000,2
ERA5120-2656,spatial,c2656_spatial_096,8,48000,2
ERA5120-2657,spatial,c2657_spatial_097,8,48000,2
ERA5120-2658,spatial,c2658_spatial_098,8,48000,2
ERA5120-2659,spatial,c2659_spatial_099,8,48000,2
ERA5120-2660,spatial,c2660_spatial_100,8,48000,2
ERA5120-2661,spatial,c2661_spatial_101,8,48000,2
ERA5120-2662,spatial,c2662_spatial_102,8,48000,2
ERA5120-2663,spatial,c2663_spatial_103,8,48000,2
ERA5120-2664,spatial,c2664_spatial_104,8,48000,2
ERA5120-2665,spatial,c2665_spatial_105,8,48000,2
ERA5120-2666,spatial,c2666_spatial_106,8,48000,2
ERA5120-2667,spatial,c2667_spatial_107,8,48000,2
ERA5120-2668,spatial,c2668_spatial_108,8,48000,2
ERA5120-2669,spatial,c2669_spatial_109,8,48000,2
ERA5120-2670,spatial,c2670_spatial_110,8,48000,2
ERA5120-2671,spatial,c2671_spatial_111,8,48000,2
ERA5120-2672,spatial,c2672_spatial_112,8,48000,2
ERA5120-2673,spatial,c2673_spatial_113,8,48000,2
ERA5120-2674,spatial,c2674_spatial_114,8,48000,2
ERA5120-2675,spatial,c2675_spatial_115,8,48000,2
ERA5120-2676,spatial,c2676_spatial_116,8,48000,2
ERA5120-2677,spatial,c2677_spatial_117,8,48000,2
ERA5120-2678,spatial,c2678_spatial_118,8,48000,2
ERA5120-2679,spatial,c2679_spatial_119,8,48000,2
ERA5120-2680,spatial,c2680_spatial_120,8,48000,2
ERA5120-2681,spatial,c2681_spatial_121,8,48000,2
ERA5120-2682,spatial,c2682_spatial_122,8,48000,2
ERA5120-2683,spatial,c2683_spatial_123,8,48000,2
ERA5120-2684,spatial,c2684_spatial_124,8,48000,2
ERA5120-2685,spatial,c2685_spatial_125,8,48000,2
ERA5120-2686,spatial,c2686_spatial_126,8,48000,2
ERA5120-2687,spatial,c2687_spatial_127,8,48000,2
ERA5120-2688,spatial,c2688_spatial_128,8,48000,2
ERA5120-2689,spatial,c2689_spatial_129,8,48000,2
ERA5120-2690,spatial,c2690_spatial_130,8,48000,2
ERA5120-2691,spatial,c2691_spatial_131,8,48000,2
ERA5120-2692,spatial,c2692_spatial_132,8,48000,2
ERA5120-2693,spatial,c2693_spatial_133,8,48000,2
ERA5120-2694,spatial,c2694_spatial_134,8,48000,2
ERA5120-2695,spatial,c2695_spatial_135,8,48000,2
ERA5120-2696,spatial,c2696_spatial_136,8,48000,2
ERA5120-2697,spatial,c2697_spatial_137,8,48000,2
ERA5120-2698,spatial,c2698_spatial_138,8,48000,2
ERA5120-2699,spatial,c2699_spatial_139,8,48000,2
ERA5120-2700,spatial,c2700_spatial_140,8,48000,2
ERA5120-2701,spatial,c2701_spatial_141,8,48000,2
ERA5120-2702,spatial,c2702_spatial_142,8,48000,2
ERA5120-2703,spatial,c2703_spatial_143,8,48000,2
ERA5120-2704,spatial,c2704_spatial_144,8,48000,2
ERA5120-2705,spatial,c2705_spatial_145,8,48000,2
ERA5120-2706,spatial,c2706_spatial_146,8,48000,2
ERA5120-2707,spatial,c2707_spatial_147,8,48000,2
ERA5120-2708,spatial,c2708_spatial_148,8,48000,2
ERA5120-2709,spatial,c2709_spatial_149,8,48000,2
ERA5120-2710,spatial,c2710_spatial_150,8,48000,2
ERA5120-2711,spatial,c2711_spatial_151,8,48000,2
ERA5120-2712,spatial,c2712_spatial_152,8,48000,2
ERA5120-2713,spatial,c2713_spatial_153,8,48000,2
ERA5120-2714,spatial,c2714_spatial_154,8,48000,2
ERA5120-2715,spatial,c2715_spatial_155,8,48000,2
ERA5120-2716,spatial,c2716_spatial_156,8,48000,2
ERA5120-2717,spatial,c2717_spatial_157,8,48000,2
ERA5120-2718,spatial,c2718_spatial_158,8,48000,2
ERA5120-2719,spatial,c2719_spatial_159,8,48000,2
ERA5120-2720,spatial,c2720_spatial_160,8,48000,2
ERA5120-2721,spatial,c2721_spatial_161,8,48000,2
ERA5120-2722,spatial,c2722_spatial_162,8,48000,2
ERA5120-2723,spatial,c2723_spatial_163,8,48000,2
ERA5120-2724,spatial,c2724_spatial_164,8,48000,2
ERA5120-2725,spatial,c2725_spatial_165,8,48000,2
ERA5120-2726,spatial,c2726_spatial_166,8,48000,2
ERA5120-2727,spatial,c2727_spatial_167,8,48000,2
ERA5120-2728,spatial,c2728_spatial_168,8,48000,2
ERA5120-2729,spatial,c2729_spatial_169,8,48000,2
ERA5120-2730,spatial,c2730_spatial_170,8,48000,2
ERA5120-2731,spatial,c2731_spatial_171,8,48000,2
ERA5120-2732,spatial,c2732_spatial_172,8,48000,2
ERA5120-2733,spatial,c2733_spatial_173,8,48000,2
ERA5120-2734,spatial,c2734_spatial_174,8,48000,2
ERA5120-2735,spatial,c2735_spatial_175,8,48000,2
ERA5120-2736,spatial,c2736_spatial_176,8,48000,2
ERA5120-2737,spatial,c2737_spatial_177,8,48000,2
ERA5120-2738,spatial,c2738_spatial_178,8,48000,2
ERA5120-2739,spatial,c2739_spatial_179,8,48000,2
ERA5120-2740,spatial,c2740_spatial_180,8,48000,2
ERA5120-2741,spatial,c2741_spatial_181,8,48000,2
ERA5120-2742,spatial,c2742_spatial_182,8,48000,2
ERA5120-2743,spatial,c2743_spatial_183,8,48000,2
ERA5120-2744,spatial,c2744_spatial_184,8,48000,2
ERA5120-2745,spatial,c2745_spatial_185,8,48000,2
ERA5120-2746,spatial,c2746_spatial_186,8,48000,2
ERA5120-2747,spatial,c2747_spatial_187,8,48000,2
ERA5120-2748,spatial,c2748_spatial_188,8,48000,2
ERA5120-2749,spatial,c2749_spatial_189,8,48000,2
ERA5120-2750,spatial,c2750_spatial_190,8,48000,2
ERA5120-2751,spatial,c2751_spatial_191,8,48000,2
ERA5120-2752,spatial,c2752_spatial_192,8,48000,2
ERA5120-2753,spatial,c2753_spatial_193,8,48000,2
ERA5120-2754,spatial,c2754_spatial_194,8,48000,2
ERA5120-2755,spatial,c2755_spatial_195,8,48000,2
ERA5120-2756,spatial,c2756_spatial_196,8,48000,2
ERA5120-2757,spatial,c2757_spatial_197,8,48000,2
ERA5120-2758,spatial,c2758_spatial_198,8,48000,2
ERA5120-2759,spatial,c2759_spatial_199,8,48000,2
ERA5120-2760,spatial,c2760_spatial_200,8,48000,2
ERA5120-2761,spatial,c2761_spatial_201,8,48000,2
ERA5120-2762,spatial,c2762_spatial_202,8,48000,2
ERA5120-2763,spatial,c2763_spatial_203,8,48000,2
ERA5120-2764,spatial,c2764_spatial_204,8,48000,2
ERA5120-2765,spatial,c2765_spatial_205,8,48000,2
ERA5120-2766,spatial,c2766_spatial_206,8,48000,2
ERA5120-2767,spatial,c2767_spatial_207,8,48000,2
ERA5120-2768,spatial,c2768_spatial_208,8,48000,2
ERA5120-2769,spatial,c2769_spatial_209,8,48000,2
ERA5120-2770,spatial,c2770_spatial_210,8,48000,2
ERA5120-2771,spatial,c2771_spatial_211,8,48000,2
ERA5120-2772,spatial,c2772_spatial_212,8,48000,2
ERA5120-2773,spatial,c2773_spatial_213,8,48000,2
ERA5120-2774,spatial,c2774_spatial_214,8,48000,2
ERA5120-2775,spatial,c2775_spatial_215,8,48000,2
ERA5120-2776,spatial,c2776_spatial_216,8,48000,2
ERA5120-2777,spatial,c2777_spatial_217,8,48000,2
ERA5120-2778,spatial,c2778_spatial_218,8,48000,2
ERA5120-2779,spatial,c2779_spatial_219,8,48000,2
ERA5120-2780,spatial,c2780_spatial_220,8,48000,2
ERA5120-2781,spatial,c2781_spatial_221,8,48000,2
ERA5120-2782,spatial,c2782_spatial_222,8,48000,2
ERA5120-2783,spatial,c2783_spatial_223,8,48000,2
ERA5120-2784,spatial,c2784_spatial_224,8,48000,2
ERA5120-2785,spatial,c2785_spatial_225,8,48000,2
ERA5120-2786,spatial,c2786_spatial_226,8,48000,2
ERA5120-2787,spatial,c2787_spatial_227,8,48000,2
ERA5120-2788,spatial,c2788_spatial_228,8,48000,2
ERA5120-2789,spatial,c2789_spatial_229,8,48000,2
ERA5120-2790,spatial,c2790_spatial_230,8,48000,2
ERA5120-2791,spatial,c2791_spatial_231,8,48000,2
ERA5120-2792,spatial,c2792_spatial_232,8,48000,2
ERA5120-2793,spatial,c2793_spatial_233,8,48000,2
ERA5120-2794,spatial,c2794_spatial_234,8,48000,2
ERA5120-2795,spatial,c2795_spatial_235,8,48000,2
ERA5120-2796,spatial,c2796_spatial_236,8,48000,2
ERA5120-2797,spatial,c2797_spatial_237,8,48000,2
ERA5120-2798,spatial,c2798_spatial_238,8,48000,2
ERA5120-2799,spatial,c2799_spatial_239,8,48000,2
ERA5120-2800,spatial,c2800_spatial_240,8,48000,2
ERA5120-2801,spatial,c2801_spatial_241,8,48000,2
ERA5120-2802,spatial,c2802_spatial_242,8,48000,2
ERA5120-2803,spatial,c2803_spatial_243,8,48000,2
ERA5120-2804,spatial,c2804_spatial_244,8,48000,2
ERA5120-2805,spatial,c2805_spatial_245,8,48000,2
ERA5120-2806,spatial,c2806_spatial_246,8,48000,2
ERA5120-2807,spatial,c2807_spatial_247,8,48000,2
ERA5120-2808,spatial,c2808_spatial_248,8,48000,2
ERA5120-2809,spatial,c2809_spatial_249,8,48000,2
ERA5120-2810,spatial,c2810_spatial_250,8,48000,2
ERA5120-2811,spatial,c2811_spatial_251,8,48000,2
ERA5120-2812,spatial,c2812_spatial_252,8,48000,2
ERA5120-2813,spatial,c2813_spatial_253,8,48000,2
ERA5120-2814,spatial,c2814_spatial_254,8,48000,2
ERA5120-2815,spatial,c2815_spatial_255,8,48000,2
ERA5120-2816,spatial,c2816_spatial_256,8,48000,2
ERA5120-2817,spatial,c2817_spatial_257,8,48000,2
ERA5120-2818,spatial,c2818_spatial_258,8,48000,2
ERA5120-2819,spatial,c2819_spatial_259,8,48000,2
ERA5120-2820,spatial,c2820_spatial_260,8,48000,2
ERA5120-2821,spatial,c2821_spatial_261,8,48000,2
ERA5120-2822,spatial,c2822_spatial_262,8,48000,2
ERA5120-2823,spatial,c2823_spatial_263,8,48000,2
ERA5120-2824,spatial,c2824_spatial_264,8,48000,2
ERA5120-2825,spatial,c2825_spatial_265,8,48000,2
ERA5120-2826,spatial,c2826_spatial_266,8,48000,2
ERA5120-2827,spatial,c2827_spatial_267,8,48000,2
ERA5120-2828,spatial,c2828_spatial_268,8,48000,2
ERA5120-2829,spatial,c2829_spatial_269,8,48000,2
ERA5120-2830,spatial,c2830_spatial_270,8,48000,2
ERA5120-2831,spatial,c2831_spatial_271,8,48000,2
ERA5120-2832,spatial,c2832_spatial_272,8,48000,2
ERA5120-2833,spatial,c2833_spatial_273,8,48000,2
ERA5120-2834,spatial,c2834_spatial_274,8,48000,2
ERA5120-2835,spatial,c2835_spatial_275,8,48000,2
ERA5120-2836,spatial,c2836_spatial_276,8,48000,2
ERA5120-2837,spatial,c2837_spatial_277,8,48000,2
ERA5120-2838,spatial,c2838_spatial_278,8,48000,2
ERA5120-2839,spatial,c2839_spatial_279,8,48000,2
ERA5120-2840,spatial,c2840_spatial_280,8,48000,2
ERA5120-2841,spatial,c2841_spatial_281,8,48000,2
ERA5120-2842,spatial,c2842_spatial_282,8,48000,2
ERA5120-2843,spatial,c2843_spatial_283,8,48000,2
ERA5120-2844,spatial,c2844_spatial_284,8,48000,2
ERA5120-2845,spatial,c2845_spatial_285,8,48000,2
ERA5120-2846,spatial,c2846_spatial_286,8,48000,2
ERA5120-2847,spatial,c2847_spatial_287,8,48000,2
ERA5120-2848,spatial,c2848_spatial_288,8,48000,2
ERA5120-2849,spatial,c2849_spatial_289,8,48000,2
ERA5120-2850,spatial,c2850_spatial_290,8,48000,2
ERA5120-2851,spatial,c2851_spatial_291,8,48000,2
ERA5120-2852,spatial,c2852_spatial_292,8,48000,2
ERA5120-2853,spatial,c2853_spatial_293,8,48000,2
ERA5120-2854,spatial,c2854_spatial_294,8,48000,2
ERA5120-2855,spatial,c2855_spatial_295,8,48000,2
ERA5120-2856,spatial,c2856_spatial_296,8,48000,2
ERA5120-2857,spatial,c2857_spatial_297,8,48000,2
ERA5120-2858,spatial,c2858_spatial_298,8,48000,2
ERA5120-2859,spatial,c2859_spatial_299,8,48000,2
ERA5120-2860,spatial,c2860_spatial_300,8,48000,2
ERA5120-2861,spatial,c2861_spatial_301,8,48000,2
ERA5120-2862,spatial,c2862_spatial_302,8,48000,2
ERA5120-2863,spatial,c2863_spatial_303,8,48000,2
ERA5120-2864,spatial,c2864_spatial_304,8,48000,2
ERA5120-2865,spatial,c2865_spatial_305,8,48000,2
ERA5120-2866,spatial,c2866_spatial_306,8,48000,2
ERA5120-2867,spatial,c2867_spatial_307,8,48000,2
ERA5120-2868,spatial,c2868_spatial_308,8,48000,2
ERA5120-2869,spatial,c2869_spatial_309,8,48000,2
ERA5120-2870,spatial,c2870_spatial_310,8,48000,2
ERA5120-2871,spatial,c2871_spatial_311,8,48000,2
ERA5120-2872,spatial,c2872_spatial_312,8,48000,2
ERA5120-2873,spatial,c2873_spatial_313,8,48000,2
ERA5120-2874,spatial,c2874_spatial_314,8,48000,2
ERA5120-2875,spatial,c2875_spatial_315,8,48000,2
ERA5120-2876,spatial,c2876_spatial_316,8,48000,2
ERA5120-2877,spatial,c2877_spatial_317,8,48000,2
ERA5120-2878,spatial,c2878_spatial_318,8,48000,2
ERA5120-2879,spatial,c2879_spatial_319,8,48000,2
ERA5120-2880,spatial,c2880_spatial_320,8,48000,2
ERA5120-2881,stem,c2881_stem_001,8,48000,2
ERA5120-2882,stem,c2882_stem_002,8,48000,2
ERA5120-2883,stem,c2883_stem_003,8,48000,2
ERA5120-2884,stem,c2884_stem_004,8,48000,2
ERA5120-2885,stem,c2885_stem_005,8,48000,2
ERA5120-2886,stem,c2886_stem_006,8,48000,2
ERA5120-2887,stem,c2887_stem_007,8,48000,2
ERA5120-2888,stem,c2888_stem_008,8,48000,2
ERA5120-2889,stem,c2889_stem_009,8,48000,2
ERA5120-2890,stem,c2890_stem_010,8,48000,2
ERA5120-2891,stem,c2891_stem_011,8,48000,2
ERA5120-2892,stem,c2892_stem_012,8,48000,2
ERA5120-2893,stem,c2893_stem_013,8,48000,2
ERA5120-2894,stem,c2894_stem_014,8,48000,2
ERA5120-2895,stem,c2895_stem_015,8,48000,2
ERA5120-2896,stem,c2896_stem_016,8,48000,2
ERA5120-2897,stem,c2897_stem_017,8,48000,2
ERA5120-2898,stem,c2898_stem_018,8,48000,2
ERA5120-2899,stem,c2899_stem_019,8,48000,2
ERA5120-2900,stem,c2900_stem_020,8,48000,2
ERA5120-2901,stem,c2901_stem_021,8,48000,2
ERA5120-2902,stem,c2902_stem_022,8,48000,2
ERA5120-2903,stem,c2903_stem_023,8,48000,2
ERA5120-2904,stem,c2904_stem_024,8,48000,2
ERA5120-2905,stem,c2905_stem_025,8,48000,2
ERA5120-2906,stem,c2906_stem_026,8,48000,2
ERA5120-2907,stem,c2907_stem_027,8,48000,2
ERA5120-2908,stem,c2908_stem_028,8,48000,2
ERA5120-2909,stem,c2909_stem_029,8,48000,2
ERA5120-2910,stem,c2910_stem_030,8,48000,2
ERA5120-2911,stem,c2911_stem_031,8,48000,2
ERA5120-2912,stem,c2912_stem_032,8,48000,2
ERA5120-2913,stem,c2913_stem_033,8,48000,2
ERA5120-2914,stem,c2914_stem_034,8,48000,2
ERA5120-2915,stem,c2915_stem_035,8,48000,2
ERA5120-2916,stem,c2916_stem_036,8,48000,2
ERA5120-2917,stem,c2917_stem_037,8,48000,2
ERA5120-2918,stem,c2918_stem_038,8,48000,2
ERA5120-2919,stem,c2919_stem_039,8,48000,2
ERA5120-2920,stem,c2920_stem_040,8,48000,2
ERA5120-2921,stem,c2921_stem_041,8,48000,2
ERA5120-2922,stem,c2922_stem_042,8,48000,2
ERA5120-2923,stem,c2923_stem_043,8,48000,2
ERA5120-2924,stem,c2924_stem_044,8,48000,2
ERA5120-2925,stem,c2925_stem_045,8,48000,2
ERA5120-2926,stem,c2926_stem_046,8,48000,2
ERA5120-2927,stem,c2927_stem_047,8,48000,2
ERA5120-2928,stem,c2928_stem_048,8,48000,2
ERA5120-2929,stem,c2929_stem_049,8,48000,2
ERA5120-2930,stem,c2930_stem_050,8,48000,2
ERA5120-2931,stem,c2931_stem_051,8,48000,2
ERA5120-2932,stem,c2932_stem_052,8,48000,2
ERA5120-2933,stem,c2933_stem_053,8,48000,2
ERA5120-2934,stem,c2934_stem_054,8,48000,2
ERA5120-2935,stem,c2935_stem_055,8,48000,2
ERA5120-2936,stem,c2936_stem_056,8,48000,2
ERA5120-2937,stem,c2937_stem_057,8,48000,2
ERA5120-2938,stem,c2938_stem_058,8,48000,2
ERA5120-2939,stem,c2939_stem_059,8,48000,2
ERA5120-2940,stem,c2940_stem_060,8,48000,2
ERA5120-2941,stem,c2941_stem_061,8,48000,2
ERA5120-2942,stem,c2942_stem_062,8,48000,2
ERA5120-2943,stem,c2943_stem_063,8,48000,2
ERA5120-2944,stem,c2944_stem_064,8,48000,2
ERA5120-2945,stem,c2945_stem_065,8,48000,2
ERA5120-2946,stem,c2946_stem_066,8,48000,2
ERA5120-2947,stem,c2947_stem_067,8,48000,2
ERA5120-2948,stem,c2948_stem_068,8,48000,2
ERA5120-2949,stem,c2949_stem_069,8,48000,2
ERA5120-2950,stem,c2950_stem_070,8,48000,2
ERA5120-2951,stem,c2951_stem_071,8,48000,2
ERA5120-2952,stem,c2952_stem_072,8,48000,2
ERA5120-2953,stem,c2953_stem_073,8,48000,2
ERA5120-2954,stem,c2954_stem_074,8,48000,2
ERA5120-2955,stem,c2955_stem_075,8,48000,2
ERA5120-2956,stem,c2956_stem_076,8,48000,2
ERA5120-2957,stem,c2957_stem_077,8,48000,2
ERA5120-2958,stem,c2958_stem_078,8,48000,2
ERA5120-2959,stem,c2959_stem_079,8,48000,2
ERA5120-2960,stem,c2960_stem_080,8,48000,2
ERA5120-2961,stem,c2961_stem_081,8,48000,2
ERA5120-2962,stem,c2962_stem_082,8,48000,2
ERA5120-2963,stem,c2963_stem_083,8,48000,2
ERA5120-2964,stem,c2964_stem_084,8,48000,2
ERA5120-2965,stem,c2965_stem_085,8,48000,2
ERA5120-2966,stem,c2966_stem_086,8,48000,2
ERA5120-2967,stem,c2967_stem_087,8,48000,2
ERA5120-2968,stem,c2968_stem_088,8,48000,2
ERA5120-2969,stem,c2969_stem_089,8,48000,2
ERA5120-2970,stem,c2970_stem_090,8,48000,2
ERA5120-2971,stem,c2971_stem_091,8,48000,2
ERA5120-2972,stem,c2972_stem_092,8,48000,2
ERA5120-2973,stem,c2973_stem_093,8,48000,2
ERA5120-2974,stem,c2974_stem_094,8,48000,2
ERA5120-2975,stem,c2975_stem_095,8,48000,2
ERA5120-2976,stem,c2976_stem_096,8,48000,2
ERA5120-2977,stem,c2977_stem_097,8,48000,2
ERA5120-2978,stem,c2978_stem_098,8,48000,2
ERA5120-2979,stem,c2979_stem_099,8,48000,2
ERA5120-2980,stem,c2980_stem_100,8,48000,2
ERA5120-2981,stem,c2981_stem_101,8,48000,2
ERA5120-2982,stem,c2982_stem_102,8,48000,2
ERA5120-2983,stem,c2983_stem_103,8,48000,2
ERA5120-2984,stem,c2984_stem_104,8,48000,2
ERA5120-2985,stem,c2985_stem_105,8,48000,2
ERA5120-2986,stem,c2986_stem_106,8,48000,2
ERA5120-2987,stem,c2987_stem_107,8,48000,2
ERA5120-2988,stem,c2988_stem_108,8,48000,2
ERA5120-2989,stem,c2989_stem_109,8,48000,2
ERA5120-2990,stem,c2990_stem_110,8,48000,2
ERA5120-2991,stem,c2991_stem_111,8,48000,2
ERA5120-2992,stem,c2992_stem_112,8,48000,2
ERA5120-2993,stem,c2993_stem_113,8,48000,2
ERA5120-2994,stem,c2994_stem_114,8,48000,2
ERA5120-2995,stem,c2995_stem_115,8,48000,2
ERA5120-2996,stem,c2996_stem_116,8,48000,2
ERA5120-2997,stem,c2997_stem_117,8,48000,2
ERA5120-2998,stem,c2998_stem_118,8,48000,2
ERA5120-2999,stem,c2999_stem_119,8,48000,2
ERA5120-3000,stem,c3000_stem_120,8,48000,2
ERA5120-3001,stem,c3001_stem_121,8,48000,2
ERA5120-3002,stem,c3002_stem_122,8,48000,2
ERA5120-3003,stem,c3003_stem_123,8,48000,2
ERA5120-3004,stem,c3004_stem_124,8,48000,2
ERA5120-3005,stem,c3005_stem_125,8,48000,2
ERA5120-3006,stem,c3006_stem_126,8,48000,2
ERA5120-3007,stem,c3007_stem_127,8,48000,2
ERA5120-3008,stem,c3008_stem_128,8,48000,2
ERA5120-3009,stem,c3009_stem_129,8,48000,2
ERA5120-3010,stem,c3010_stem_130,8,48000,2
ERA5120-3011,stem,c3011_stem_131,8,48000,2
ERA5120-3012,stem,c3012_stem_132,8,48000,2
ERA5120-3013,stem,c3013_stem_133,8,48000,2
ERA5120-3014,stem,c3014_stem_134,8,48000,2
ERA5120-3015,stem,c3015_stem_135,8,48000,2
ERA5120-3016,stem,c3016_stem_136,8,48000,2
ERA5120-3017,stem,c3017_stem_137,8,48000,2
ERA5120-3018,stem,c3018_stem_138,8,48000,2
ERA5120-3019,stem,c3019_stem_139,8,48000,2
ERA5120-3020,stem,c3020_stem_140,8,48000,2
ERA5120-3021,stem,c3021_stem_141,8,48000,2
ERA5120-3022,stem,c3022_stem_142,8,48000,2
ERA5120-3023,stem,c3023_stem_143,8,48000,2
ERA5120-3024,stem,c3024_stem_144,8,48000,2
ERA5120-3025,stem,c3025_stem_145,8,48000,2
ERA5120-3026,stem,c3026_stem_146,8,48000,2
ERA5120-3027,stem,c3027_stem_147,8,48000,2
ERA5120-3028,stem,c3028_stem_148,8,48000,2
ERA5120-3029,stem,c3029_stem_149,8,48000,2
ERA5120-3030,stem,c3030_stem_150,8,48000,2
ERA5120-3031,stem,c3031_stem_151,8,48000,2
ERA5120-3032,stem,c3032_stem_152,8,48000,2
ERA5120-3033,stem,c3033_stem_153,8,48000,2
ERA5120-3034,stem,c3034_stem_154,8,48000,2
ERA5120-3035,stem,c3035_stem_155,8,48000,2
ERA5120-3036,stem,c3036_stem_156,8,48000,2
ERA5120-3037,stem,c3037_stem_157,8,48000,2
ERA5120-3038,stem,c3038_stem_158,8,48000,2
ERA5120-3039,stem,c3039_stem_159,8,48000,2
ERA5120-3040,stem,c3040_stem_160,8,48000,2
ERA5120-3041,stem,c3041_stem_161,8,48000,2
ERA5120-3042,stem,c3042_stem_162,8,48000,2
ERA5120-3043,stem,c3043_stem_163,8,48000,2
ERA5120-3044,stem,c3044_stem_164,8,48000,2
ERA5120-3045,stem,c3045_stem_165,8,48000,2
ERA5120-3046,stem,c3046_stem_166,8,48000,2
ERA5120-3047,stem,c3047_stem_167,8,48000,2
ERA5120-3048,stem,c3048_stem_168,8,48000,2
ERA5120-3049,stem,c3049_stem_169,8,48000,2
ERA5120-3050,stem,c3050_stem_170,8,48000,2
ERA5120-3051,stem,c3051_stem_171,8,48000,2
ERA5120-3052,stem,c3052_stem_172,8,48000,2
ERA5120-3053,stem,c3053_stem_173,8,48000,2
ERA5120-3054,stem,c3054_stem_174,8,48000,2
ERA5120-3055,stem,c3055_stem_175,8,48000,2
ERA5120-3056,stem,c3056_stem_176,8,48000,2
ERA5120-3057,stem,c3057_stem_177,8,48000,2
ERA5120-3058,stem,c3058_stem_178,8,48000,2
ERA5120-3059,stem,c3059_stem_179,8,48000,2
ERA5120-3060,stem,c3060_stem_180,8,48000,2
ERA5120-3061,stem,c3061_stem_181,8,48000,2
ERA5120-3062,stem,c3062_stem_182,8,48000,2
ERA5120-3063,stem,c3063_stem_183,8,48000,2
ERA5120-3064,stem,c3064_stem_184,8,48000,2
ERA5120-3065,stem,c3065_stem_185,8,48000,2
ERA5120-3066,stem,c3066_stem_186,8,48000,2
ERA5120-3067,stem,c3067_stem_187,8,48000,2
ERA5120-3068,stem,c3068_stem_188,8,48000,2
ERA5120-3069,stem,c3069_stem_189,8,48000,2
ERA5120-3070,stem,c3070_stem_190,8,48000,2
ERA5120-3071,stem,c3071_stem_191,8,48000,2
ERA5120-3072,stem,c3072_stem_192,8,48000,2
ERA5120-3073,stem,c3073_stem_193,8,48000,2
ERA5120-3074,stem,c3074_stem_194,8,48000,2
ERA5120-3075,stem,c3075_stem_195,8,48000,2
ERA5120-3076,stem,c3076_stem_196,8,48000,2
ERA5120-3077,stem,c3077_stem_197,8,48000,2
ERA5120-3078,stem,c3078_stem_198,8,48000,2
ERA5120-3079,stem,c3079_stem_199,8,48000,2
ERA5120-3080,stem,c3080_stem_200,8,48000,2
ERA5120-3081,stem,c3081_stem_201,8,48000,2
ERA5120-3082,stem,c3082_stem_202,8,48000,2
ERA5120-3083,stem,c3083_stem_203,8,48000,2
ERA5120-3084,stem,c3084_stem_204,8,48000,2
ERA5120-3085,stem,c3085_stem_205,8,48000,2
ERA5120-3086,stem,c3086_stem_206,8,48000,2
ERA5120-3087,stem,c3087_stem_207,8,48000,2
ERA5120-3088,stem,c3088_stem_208,8,48000,2
ERA5120-3089,stem,c3089_stem_209,8,48000,2
ERA5120-3090,stem,c3090_stem_210,8,48000,2
ERA5120-3091,stem,c3091_stem_211,8,48000,2
ERA5120-3092,stem,c3092_stem_212,8,48000,2
ERA5120-3093,stem,c3093_stem_213,8,48000,2
ERA5120-3094,stem,c3094_stem_214,8,48000,2
ERA5120-3095,stem,c3095_stem_215,8,48000,2
ERA5120-3096,stem,c3096_stem_216,8,48000,2
ERA5120-3097,stem,c3097_stem_217,8,48000,2
ERA5120-3098,stem,c3098_stem_218,8,48000,2
ERA5120-3099,stem,c3099_stem_219,8,48000,2
ERA5120-3100,stem,c3100_stem_220,8,48000,2
ERA5120-3101,stem,c3101_stem_221,8,48000,2
ERA5120-3102,stem,c3102_stem_222,8,48000,2
ERA5120-3103,stem,c3103_stem_223,8,48000,2
ERA5120-3104,stem,c3104_stem_224,8,48000,2
ERA5120-3105,stem,c3105_stem_225,8,48000,2
ERA5120-3106,stem,c3106_stem_226,8,48000,2
ERA5120-3107,stem,c3107_stem_227,8,48000,2
ERA5120-3108,stem,c3108_stem_228,8,48000,2
ERA5120-3109,stem,c3109_stem_229,8,48000,2
ERA5120-3110,stem,c3110_stem_230,8,48000,2
ERA5120-3111,stem,c3111_stem_231,8,48000,2
ERA5120-3112,stem,c3112_stem_232,8,48000,2
ERA5120-3113,stem,c3113_stem_233,8,48000,2
ERA5120-3114,stem,c3114_stem_234,8,48000,2
ERA5120-3115,stem,c3115_stem_235,8,48000,2
ERA5120-3116,stem,c3116_stem_236,8,48000,2
ERA5120-3117,stem,c3117_stem_237,8,48000,2
ERA5120-3118,stem,c3118_stem_238,8,48000,2
ERA5120-3119,stem,c3119_stem_239,8,48000,2
ERA5120-3120,stem,c3120_stem_240,8,48000,2
ERA5120-3121,stem,c3121_stem_241,8,48000,2
ERA5120-3122,stem,c3122_stem_242,8,48000,2
ERA5120-3123,stem,c3123_stem_243,8,48000,2
ERA5120-3124,stem,c3124_stem_244,8,48000,2
ERA5120-3125,stem,c3125_stem_245,8,48000,2
ERA5120-3126,stem,c3126_stem_246,8,48000,2
ERA5120-3127,stem,c3127_stem_247,8,48000,2
ERA5120-3128,stem,c3128_stem_248,8,48000,2
ERA5120-3129,stem,c3129_stem_249,8,48000,2
ERA5120-3130,stem,c3130_stem_250,8,48000,2
ERA5120-3131,stem,c3131_stem_251,8,48000,2
ERA5120-3132,stem,c3132_stem_252,8,48000,2
ERA5120-3133,stem,c3133_stem_253,8,48000,2
ERA5120-3134,stem,c3134_stem_254,8,48000,2
ERA5120-3135,stem,c3135_stem_255,8,48000,2
ERA5120-3136,stem,c3136_stem_256,8,48000,2
ERA5120-3137,stem,c3137_stem_257,8,48000,2
ERA5120-3138,stem,c3138_stem_258,8,48000,2
ERA5120-3139,stem,c3139_stem_259,8,48000,2
ERA5120-3140,stem,c3140_stem_260,8,48000,2
ERA5120-3141,stem,c3141_stem_261,8,48000,2
ERA5120-3142,stem,c3142_stem_262,8,48000,2
ERA5120-3143,stem,c3143_stem_263,8,48000,2
ERA5120-3144,stem,c3144_stem_264,8,48000,2
ERA5120-3145,stem,c3145_stem_265,8,48000,2
ERA5120-3146,stem,c3146_stem_266,8,48000,2
ERA5120-3147,stem,c3147_stem_267,8,48000,2
ERA5120-3148,stem,c3148_stem_268,8,48000,2
ERA5120-3149,stem,c3149_stem_269,8,48000,2
ERA5120-3150,stem,c3150_stem_270,8,48000,2
ERA5120-3151,stem,c3151_stem_271,8,48000,2
ERA5120-3152,stem,c3152_stem_272,8,48000,2
ERA5120-3153,stem,c3153_stem_273,8,48000,2
ERA5120-3154,stem,c3154_stem_274,8,48000,2
ERA5120-3155,stem,c3155_stem_275,8,48000,2
ERA5120-3156,stem,c3156_stem_276,8,48000,2
ERA5120-3157,stem,c3157_stem_277,8,48000,2
ERA5120-3158,stem,c3158_stem_278,8,48000,2
ERA5120-3159,stem,c3159_stem_279,8,48000,2
ERA5120-3160,stem,c3160_stem_280,8,48000,2
ERA5120-3161,stem,c3161_stem_281,8,48000,2
ERA5120-3162,stem,c3162_stem_282,8,48000,2
ERA5120-3163,stem,c3163_stem_283,8,48000,2
ERA5120-3164,stem,c3164_stem_284,8,48000,2
ERA5120-3165,stem,c3165_stem_285,8,48000,2
ERA5120-3166,stem,c3166_stem_286,8,48000,2
ERA5120-3167,stem,c3167_stem_287,8,48000,2
ERA5120-3168,stem,c3168_stem_288,8,48000,2
ERA5120-3169,stem,c3169_stem_289,8,48000,2
ERA5120-3170,stem,c3170_stem_290,8,48000,2
ERA5120-3171,stem,c3171_stem_291,8,48000,2
ERA5120-3172,stem,c3172_stem_292,8,48000,2
ERA5120-3173,stem,c3173_stem_293,8,48000,2
ERA5120-3174,stem,c3174_stem_294,8,48000,2
ERA5120-3175,stem,c3175_stem_295,8,48000,2
ERA5120-3176,stem,c3176_stem_296,8,48000,2
ERA5120-3177,stem,c3177_stem_297,8,48000,2
ERA5120-3178,stem,c3178_stem_298,8,48000,2
ERA5120-3179,stem,c3179_stem_299,8,48000,2
ERA5120-3180,stem,c3180_stem_300,8,48000,2
ERA5120-3181,stem,c3181_stem_301,8,48000,2
ERA5120-3182,stem,c3182_stem_302,8,48000,2
ERA5120-3183,stem,c3183_stem_303,8,48000,2
ERA5120-3184,stem,c3184_stem_304,8,48000,2
ERA5120-3185,stem,c3185_stem_305,8,48000,2
ERA5120-3186,stem,c3186_stem_306,8,48000,2
ERA5120-3187,stem,c3187_stem_307,8,48000,2
ERA5120-3188,stem,c3188_stem_308,8,48000,2
ERA5120-3189,stem,c3189_stem_309,8,48000,2
ERA5120-3190,stem,c3190_stem_310,8,48000,2
ERA5120-3191,stem,c3191_stem_311,8,48000,2
ERA5120-3192,stem,c3192_stem_312,8,48000,2
ERA5120-3193,stem,c3193_stem_313,8,48000,2
ERA5120-3194,stem,c3194_stem_314,8,48000,2
ERA5120-3195,stem,c3195_stem_315,8,48000,2
ERA5120-3196,stem,c3196_stem_316,8,48000,2
ERA5120-3197,stem,c3197_stem_317,8,48000,2
ERA5120-3198,stem,c3198_stem_318,8,48000,2
ERA5120-3199,stem,c3199_stem_319,8,48000,2
ERA5120-3200,stem,c3200_stem_320,8,48000,2
ERA5120-3201,bus,c3201_bus_001,16,48000,2
ERA5120-3202,bus,c3202_bus_002,16,48000,2
ERA5120-3203,bus,c3203_bus_003,16,48000,2
ERA5120-3204,bus,c3204_bus_004,16,48000,2
ERA5120-3205,bus,c3205_bus_005,16,48000,2
ERA5120-3206,bus,c3206_bus_006,16,48000,2
ERA5120-3207,bus,c3207_bus_007,16,48000,2
ERA5120-3208,bus,c3208_bus_008,16,48000,2
ERA5120-3209,bus,c3209_bus_009,16,48000,2
ERA5120-3210,bus,c3210_bus_010,16,48000,2
ERA5120-3211,bus,c3211_bus_011,16,48000,2
ERA5120-3212,bus,c3212_bus_012,16,48000,2
ERA5120-3213,bus,c3213_bus_013,16,48000,2
ERA5120-3214,bus,c3214_bus_014,16,48000,2
ERA5120-3215,bus,c3215_bus_015,16,48000,2
ERA5120-3216,bus,c3216_bus_016,16,48000,2
ERA5120-3217,bus,c3217_bus_017,16,48000,2
ERA5120-3218,bus,c3218_bus_018,16,48000,2
ERA5120-3219,bus,c3219_bus_019,16,48000,2
ERA5120-3220,bus,c3220_bus_020,16,48000,2
ERA5120-3221,bus,c3221_bus_021,16,48000,2
ERA5120-3222,bus,c3222_bus_022,16,48000,2
ERA5120-3223,bus,c3223_bus_023,16,48000,2
ERA5120-3224,bus,c3224_bus_024,16,48000,2
ERA5120-3225,bus,c3225_bus_025,16,48000,2
ERA5120-3226,bus,c3226_bus_026,16,48000,2
ERA5120-3227,bus,c3227_bus_027,16,48000,2
ERA5120-3228,bus,c3228_bus_028,16,48000,2
ERA5120-3229,bus,c3229_bus_029,16,48000,2
ERA5120-3230,bus,c3230_bus_030,16,48000,2
ERA5120-3231,bus,c3231_bus_031,16,48000,2
ERA5120-3232,bus,c3232_bus_032,16,48000,2
ERA5120-3233,bus,c3233_bus_033,16,48000,2
ERA5120-3234,bus,c3234_bus_034,16,48000,2
ERA5120-3235,bus,c3235_bus_035,16,48000,2
ERA5120-3236,bus,c3236_bus_036,16,48000,2
ERA5120-3237,bus,c3237_bus_037,16,48000,2
ERA5120-3238,bus,c3238_bus_038,16,48000,2
ERA5120-3239,bus,c3239_bus_039,16,48000,2
ERA5120-3240,bus,c3240_bus_040,16,48000,2
ERA5120-3241,bus,c3241_bus_041,16,48000,2
ERA5120-3242,bus,c3242_bus_042,16,48000,2
ERA5120-3243,bus,c3243_bus_043,16,48000,2
ERA5120-3244,bus,c3244_bus_044,16,48000,2
ERA5120-3245,bus,c3245_bus_045,16,48000,2
ERA5120-3246,bus,c3246_bus_046,16,48000,2
ERA5120-3247,bus,c3247_bus_047,16,48000,2
ERA5120-3248,bus,c3248_bus_048,16,48000,2
ERA5120-3249,bus,c3249_bus_049,16,48000,2
ERA5120-3250,bus,c3250_bus_050,16,48000,2
ERA5120-3251,bus,c3251_bus_051,16,48000,2
ERA5120-3252,bus,c3252_bus_052,16,48000,2
ERA5120-3253,bus,c3253_bus_053,16,48000,2
ERA5120-3254,bus,c3254_bus_054,16,48000,2
ERA5120-3255,bus,c3255_bus_055,16,48000,2
ERA5120-3256,bus,c3256_bus_056,16,48000,2
ERA5120-3257,bus,c3257_bus_057,16,48000,2
ERA5120-3258,bus,c3258_bus_058,16,48000,2
ERA5120-3259,bus,c3259_bus_059,16,48000,2
ERA5120-3260,bus,c3260_bus_060,16,48000,2
ERA5120-3261,bus,c3261_bus_061,16,48000,2
ERA5120-3262,bus,c3262_bus_062,16,48000,2
ERA5120-3263,bus,c3263_bus_063,16,48000,2
ERA5120-3264,bus,c3264_bus_064,16,48000,2
ERA5120-3265,bus,c3265_bus_065,16,48000,2
ERA5120-3266,bus,c3266_bus_066,16,48000,2
ERA5120-3267,bus,c3267_bus_067,16,48000,2
ERA5120-3268,bus,c3268_bus_068,16,48000,2
ERA5120-3269,bus,c3269_bus_069,16,48000,2
ERA5120-3270,bus,c3270_bus_070,16,48000,2
ERA5120-3271,bus,c3271_bus_071,16,48000,2
ERA5120-3272,bus,c3272_bus_072,16,48000,2
ERA5120-3273,bus,c3273_bus_073,16,48000,2
ERA5120-3274,bus,c3274_bus_074,16,48000,2
ERA5120-3275,bus,c3275_bus_075,16,48000,2
ERA5120-3276,bus,c3276_bus_076,16,48000,2
ERA5120-3277,bus,c3277_bus_077,16,48000,2
ERA5120-3278,bus,c3278_bus_078,16,48000,2
ERA5120-3279,bus,c3279_bus_079,16,48000,2
ERA5120-3280,bus,c3280_bus_080,16,48000,2
ERA5120-3281,bus,c3281_bus_081,16,48000,2
ERA5120-3282,bus,c3282_bus_082,16,48000,2
ERA5120-3283,bus,c3283_bus_083,16,48000,2
ERA5120-3284,bus,c3284_bus_084,16,48000,2
ERA5120-3285,bus,c3285_bus_085,16,48000,2
ERA5120-3286,bus,c3286_bus_086,16,48000,2
ERA5120-3287,bus,c3287_bus_087,16,48000,2
ERA5120-3288,bus,c3288_bus_088,16,48000,2
ERA5120-3289,bus,c3289_bus_089,16,48000,2
ERA5120-3290,bus,c3290_bus_090,16,48000,2
ERA5120-3291,bus,c3291_bus_091,16,48000,2
ERA5120-3292,bus,c3292_bus_092,16,48000,2
ERA5120-3293,bus,c3293_bus_093,16,48000,2
ERA5120-3294,bus,c3294_bus_094,16,48000,2
ERA5120-3295,bus,c3295_bus_095,16,48000,2
ERA5120-3296,bus,c3296_bus_096,16,48000,2
ERA5120-3297,bus,c3297_bus_097,16,48000,2
ERA5120-3298,bus,c3298_bus_098,16,48000,2
ERA5120-3299,bus,c3299_bus_099,16,48000,2
ERA5120-3300,bus,c3300_bus_100,16,48000,2
ERA5120-3301,bus,c3301_bus_101,16,48000,2
ERA5120-3302,bus,c3302_bus_102,16,48000,2
ERA5120-3303,bus,c3303_bus_103,16,48000,2
ERA5120-3304,bus,c3304_bus_104,16,48000,2
ERA5120-3305,bus,c3305_bus_105,16,48000,2
ERA5120-3306,bus,c3306_bus_106,16,48000,2
ERA5120-3307,bus,c3307_bus_107,16,48000,2
ERA5120-3308,bus,c3308_bus_108,16,48000,2
ERA5120-3309,bus,c3309_bus_109,16,48000,2
ERA5120-3310,bus,c3310_bus_110,16,48000,2
ERA5120-3311,bus,c3311_bus_111,16,48000,2
ERA5120-3312,bus,c3312_bus_112,16,48000,2
ERA5120-3313,bus,c3313_bus_113,16,48000,2
ERA5120-3314,bus,c3314_bus_114,16,48000,2
ERA5120-3315,bus,c3315_bus_115,16,48000,2
ERA5120-3316,bus,c3316_bus_116,16,48000,2
ERA5120-3317,bus,c3317_bus_117,16,48000,2
ERA5120-3318,bus,c3318_bus_118,16,48000,2
ERA5120-3319,bus,c3319_bus_119,16,48000,2
ERA5120-3320,bus,c3320_bus_120,16,48000,2
ERA5120-3321,bus,c3321_bus_121,16,48000,2
ERA5120-3322,bus,c3322_bus_122,16,48000,2
ERA5120-3323,bus,c3323_bus_123,16,48000,2
ERA5120-3324,bus,c3324_bus_124,16,48000,2
ERA5120-3325,bus,c3325_bus_125,16,48000,2
ERA5120-3326,bus,c3326_bus_126,16,48000,2
ERA5120-3327,bus,c3327_bus_127,16,48000,2
ERA5120-3328,bus,c3328_bus_128,16,48000,2
ERA5120-3329,bus,c3329_bus_129,16,48000,2
ERA5120-3330,bus,c3330_bus_130,16,48000,2
ERA5120-3331,bus,c3331_bus_131,16,48000,2
ERA5120-3332,bus,c3332_bus_132,16,48000,2
ERA5120-3333,bus,c3333_bus_133,16,48000,2
ERA5120-3334,bus,c3334_bus_134,16,48000,2
ERA5120-3335,bus,c3335_bus_135,16,48000,2
ERA5120-3336,bus,c3336_bus_136,16,48000,2
ERA5120-3337,bus,c3337_bus_137,16,48000,2
ERA5120-3338,bus,c3338_bus_138,16,48000,2
ERA5120-3339,bus,c3339_bus_139,16,48000,2
ERA5120-3340,bus,c3340_bus_140,16,48000,2
ERA5120-3341,bus,c3341_bus_141,16,48000,2
ERA5120-3342,bus,c3342_bus_142,16,48000,2
ERA5120-3343,bus,c3343_bus_143,16,48000,2
ERA5120-3344,bus,c3344_bus_144,16,48000,2
ERA5120-3345,bus,c3345_bus_145,16,48000,2
ERA5120-3346,bus,c3346_bus_146,16,48000,2
ERA5120-3347,bus,c3347_bus_147,16,48000,2
ERA5120-3348,bus,c3348_bus_148,16,48000,2
ERA5120-3349,bus,c3349_bus_149,16,48000,2
ERA5120-3350,bus,c3350_bus_150,16,48000,2
ERA5120-3351,bus,c3351_bus_151,16,48000,2
ERA5120-3352,bus,c3352_bus_152,16,48000,2
ERA5120-3353,bus,c3353_bus_153,16,48000,2
ERA5120-3354,bus,c3354_bus_154,16,48000,2
ERA5120-3355,bus,c3355_bus_155,16,48000,2
ERA5120-3356,bus,c3356_bus_156,16,48000,2
ERA5120-3357,bus,c3357_bus_157,16,48000,2
ERA5120-3358,bus,c3358_bus_158,16,48000,2
ERA5120-3359,bus,c3359_bus_159,16,48000,2
ERA5120-3360,bus,c3360_bus_160,16,48000,2
ERA5120-3361,bus,c3361_bus_161,16,48000,2
ERA5120-3362,bus,c3362_bus_162,16,48000,2
ERA5120-3363,bus,c3363_bus_163,16,48000,2
ERA5120-3364,bus,c3364_bus_164,16,48000,2
ERA5120-3365,bus,c3365_bus_165,16,48000,2
ERA5120-3366,bus,c3366_bus_166,16,48000,2
ERA5120-3367,bus,c3367_bus_167,16,48000,2
ERA5120-3368,bus,c3368_bus_168,16,48000,2
ERA5120-3369,bus,c3369_bus_169,16,48000,2
ERA5120-3370,bus,c3370_bus_170,16,48000,2
ERA5120-3371,bus,c3371_bus_171,16,48000,2
ERA5120-3372,bus,c3372_bus_172,16,48000,2
ERA5120-3373,bus,c3373_bus_173,16,48000,2
ERA5120-3374,bus,c3374_bus_174,16,48000,2
ERA5120-3375,bus,c3375_bus_175,16,48000,2
ERA5120-3376,bus,c3376_bus_176,16,48000,2
ERA5120-3377,bus,c3377_bus_177,16,48000,2
ERA5120-3378,bus,c3378_bus_178,16,48000,2
ERA5120-3379,bus,c3379_bus_179,16,48000,2
ERA5120-3380,bus,c3380_bus_180,16,48000,2
ERA5120-3381,bus,c3381_bus_181,16,48000,2
ERA5120-3382,bus,c3382_bus_182,16,48000,2
ERA5120-3383,bus,c3383_bus_183,16,48000,2
ERA5120-3384,bus,c3384_bus_184,16,48000,2
ERA5120-3385,bus,c3385_bus_185,16,48000,2
ERA5120-3386,bus,c3386_bus_186,16,48000,2
ERA5120-3387,bus,c3387_bus_187,16,48000,2
ERA5120-3388,bus,c3388_bus_188,16,48000,2
ERA5120-3389,bus,c3389_bus_189,16,48000,2
ERA5120-3390,bus,c3390_bus_190,16,48000,2
ERA5120-3391,bus,c3391_bus_191,16,48000,2
ERA5120-3392,bus,c3392_bus_192,16,48000,2
ERA5120-3393,bus,c3393_bus_193,16,48000,2
ERA5120-3394,bus,c3394_bus_194,16,48000,2
ERA5120-3395,bus,c3395_bus_195,16,48000,2
ERA5120-3396,bus,c3396_bus_196,16,48000,2
ERA5120-3397,bus,c3397_bus_197,16,48000,2
ERA5120-3398,bus,c3398_bus_198,16,48000,2
ERA5120-3399,bus,c3399_bus_199,16,48000,2
ERA5120-3400,bus,c3400_bus_200,16,48000,2
ERA5120-3401,bus,c3401_bus_201,16,48000,2
ERA5120-3402,bus,c3402_bus_202,16,48000,2
ERA5120-3403,bus,c3403_bus_203,16,48000,2
ERA5120-3404,bus,c3404_bus_204,16,48000,2
ERA5120-3405,bus,c3405_bus_205,16,48000,2
ERA5120-3406,bus,c3406_bus_206,16,48000,2
ERA5120-3407,bus,c3407_bus_207,16,48000,2
ERA5120-3408,bus,c3408_bus_208,16,48000,2
ERA5120-3409,bus,c3409_bus_209,16,48000,2
ERA5120-3410,bus,c3410_bus_210,16,48000,2
ERA5120-3411,bus,c3411_bus_211,16,48000,2
ERA5120-3412,bus,c3412_bus_212,16,48000,2
ERA5120-3413,bus,c3413_bus_213,16,48000,2
ERA5120-3414,bus,c3414_bus_214,16,48000,2
ERA5120-3415,bus,c3415_bus_215,16,48000,2
ERA5120-3416,bus,c3416_bus_216,16,48000,2
ERA5120-3417,bus,c3417_bus_217,16,48000,2
ERA5120-3418,bus,c3418_bus_218,16,48000,2
ERA5120-3419,bus,c3419_bus_219,16,48000,2
ERA5120-3420,bus,c3420_bus_220,16,48000,2
ERA5120-3421,bus,c3421_bus_221,16,48000,2
ERA5120-3422,bus,c3422_bus_222,16,48000,2
ERA5120-3423,bus,c3423_bus_223,16,48000,2
ERA5120-3424,bus,c3424_bus_224,16,48000,2
ERA5120-3425,bus,c3425_bus_225,16,48000,2
ERA5120-3426,bus,c3426_bus_226,16,48000,2
ERA5120-3427,bus,c3427_bus_227,16,48000,2
ERA5120-3428,bus,c3428_bus_228,16,48000,2
ERA5120-3429,bus,c3429_bus_229,16,48000,2
ERA5120-3430,bus,c3430_bus_230,16,48000,2
ERA5120-3431,bus,c3431_bus_231,16,48000,2
ERA5120-3432,bus,c3432_bus_232,16,48000,2
ERA5120-3433,bus,c3433_bus_233,16,48000,2
ERA5120-3434,bus,c3434_bus_234,16,48000,2
ERA5120-3435,bus,c3435_bus_235,16,48000,2
ERA5120-3436,bus,c3436_bus_236,16,48000,2
ERA5120-3437,bus,c3437_bus_237,16,48000,2
ERA5120-3438,bus,c3438_bus_238,16,48000,2
ERA5120-3439,bus,c3439_bus_239,16,48000,2
ERA5120-3440,bus,c3440_bus_240,16,48000,2
ERA5120-3441,bus,c3441_bus_241,16,48000,2
ERA5120-3442,bus,c3442_bus_242,16,48000,2
ERA5120-3443,bus,c3443_bus_243,16,48000,2
ERA5120-3444,bus,c3444_bus_244,16,48000,2
ERA5120-3445,bus,c3445_bus_245,16,48000,2
ERA5120-3446,bus,c3446_bus_246,16,48000,2
ERA5120-3447,bus,c3447_bus_247,16,48000,2
ERA5120-3448,bus,c3448_bus_248,16,48000,2
ERA5120-3449,bus,c3449_bus_249,16,48000,2
ERA5120-3450,bus,c3450_bus_250,16,48000,2
ERA5120-3451,bus,c3451_bus_251,16,48000,2
ERA5120-3452,bus,c3452_bus_252,16,48000,2
ERA5120-3453,bus,c3453_bus_253,16,48000,2
ERA5120-3454,bus,c3454_bus_254,16,48000,2
ERA5120-3455,bus,c3455_bus_255,16,48000,2
ERA5120-3456,bus,c3456_bus_256,16,48000,2
ERA5120-3457,bus,c3457_bus_257,16,48000,2
ERA5120-3458,bus,c3458_bus_258,16,48000,2
ERA5120-3459,bus,c3459_bus_259,16,48000,2
ERA5120-3460,bus,c3460_bus_260,16,48000,2
ERA5120-3461,bus,c3461_bus_261,16,48000,2
ERA5120-3462,bus,c3462_bus_262,16,48000,2
ERA5120-3463,bus,c3463_bus_263,16,48000,2
ERA5120-3464,bus,c3464_bus_264,16,48000,2
ERA5120-3465,bus,c3465_bus_265,16,48000,2
ERA5120-3466,bus,c3466_bus_266,16,48000,2
ERA5120-3467,bus,c3467_bus_267,16,48000,2
ERA5120-3468,bus,c3468_bus_268,16,48000,2
ERA5120-3469,bus,c3469_bus_269,16,48000,2
ERA5120-3470,bus,c3470_bus_270,16,48000,2
ERA5120-3471,bus,c3471_bus_271,16,48000,2
ERA5120-3472,bus,c3472_bus_272,16,48000,2
ERA5120-3473,bus,c3473_bus_273,16,48000,2
ERA5120-3474,bus,c3474_bus_274,16,48000,2
ERA5120-3475,bus,c3475_bus_275,16,48000,2
ERA5120-3476,bus,c3476_bus_276,16,48000,2
ERA5120-3477,bus,c3477_bus_277,16,48000,2
ERA5120-3478,bus,c3478_bus_278,16,48000,2
ERA5120-3479,bus,c3479_bus_279,16,48000,2
ERA5120-3480,bus,c3480_bus_280,16,48000,2
ERA5120-3481,bus,c3481_bus_281,16,48000,2
ERA5120-3482,bus,c3482_bus_282,16,48000,2
ERA5120-3483,bus,c3483_bus_283,16,48000,2
ERA5120-3484,bus,c3484_bus_284,16,48000,2
ERA5120-3485,bus,c3485_bus_285,16,48000,2
ERA5120-3486,bus,c3486_bus_286,16,48000,2
ERA5120-3487,bus,c3487_bus_287,16,48000,2
ERA5120-3488,bus,c3488_bus_288,16,48000,2
ERA5120-3489,bus,c3489_bus_289,16,48000,2
ERA5120-3490,bus,c3490_bus_290,16,48000,2
ERA5120-3491,bus,c3491_bus_291,16,48000,2
ERA5120-3492,bus,c3492_bus_292,16,48000,2
ERA5120-3493,bus,c3493_bus_293,16,48000,2
ERA5120-3494,bus,c3494_bus_294,16,48000,2
ERA5120-3495,bus,c3495_bus_295,16,48000,2
ERA5120-3496,bus,c3496_bus_296,16,48000,2
ERA5120-3497,bus,c3497_bus_297,16,48000,2
ERA5120-3498,bus,c3498_bus_298,16,48000,2
ERA5120-3499,bus,c3499_bus_299,16,48000,2
ERA5120-3500,bus,c3500_bus_300,16,48000,2
ERA5120-3501,bus,c3501_bus_301,16,48000,2
ERA5120-3502,bus,c3502_bus_302,16,48000,2
ERA5120-3503,bus,c3503_bus_303,16,48000,2
ERA5120-3504,bus,c3504_bus_304,16,48000,2
ERA5120-3505,bus,c3505_bus_305,16,48000,2
ERA5120-3506,bus,c3506_bus_306,16,48000,2
ERA5120-3507,bus,c3507_bus_307,16,48000,2
ERA5120-3508,bus,c3508_bus_308,16,48000,2
ERA5120-3509,bus,c3509_bus_309,16,48000,2
ERA5120-3510,bus,c3510_bus_310,16,48000,2
ERA5120-3511,bus,c3511_bus_311,16,48000,2
ERA5120-3512,bus,c3512_bus_312,16,48000,2
ERA5120-3513,bus,c3513_bus_313,16,48000,2
ERA5120-3514,bus,c3514_bus_314,16,48000,2
ERA5120-3515,bus,c3515_bus_315,16,48000,2
ERA5120-3516,bus,c3516_bus_316,16,48000,2
ERA5120-3517,bus,c3517_bus_317,16,48000,2
ERA5120-3518,bus,c3518_bus_318,16,48000,2
ERA5120-3519,bus,c3519_bus_319,16,48000,2
ERA5120-3520,bus,c3520_bus_320,16,48000,2
ERA5120-3521,voice,c3521_voice_001,4,16000,1
ERA5120-3522,voice,c3522_voice_002,4,16000,1
ERA5120-3523,voice,c3523_voice_003,4,16000,1
ERA5120-3524,voice,c3524_voice_004,4,16000,1
ERA5120-3525,voice,c3525_voice_005,4,16000,1
ERA5120-3526,voice,c3526_voice_006,4,16000,1
ERA5120-3527,voice,c3527_voice_007,4,16000,1
ERA5120-3528,voice,c3528_voice_008,4,16000,1
ERA5120-3529,voice,c3529_voice_009,4,16000,1
ERA5120-3530,voice,c3530_voice_010,4,16000,1
ERA5120-3531,voice,c3531_voice_011,4,16000,1
ERA5120-3532,voice,c3532_voice_012,4,16000,1
ERA5120-3533,voice,c3533_voice_013,4,16000,1
ERA5120-3534,voice,c3534_voice_014,4,16000,1
ERA5120-3535,voice,c3535_voice_015,4,16000,1
ERA5120-3536,voice,c3536_voice_016,4,16000,1
ERA5120-3537,voice,c3537_voice_017,4,16000,1
ERA5120-3538,voice,c3538_voice_018,4,16000,1
ERA5120-3539,voice,c3539_voice_019,4,16000,1
ERA5120-3540,voice,c3540_voice_020,4,16000,1
ERA5120-3541,voice,c3541_voice_021,4,16000,1
ERA5120-3542,voice,c3542_voice_022,4,16000,1
ERA5120-3543,voice,c3543_voice_023,4,16000,1
ERA5120-3544,voice,c3544_voice_024,4,16000,1
ERA5120-3545,voice,c3545_voice_025,4,16000,1
ERA5120-3546,voice,c3546_voice_026,4,16000,1
ERA5120-3547,voice,c3547_voice_027,4,16000,1
ERA5120-3548,voice,c3548_voice_028,4,16000,1
ERA5120-3549,voice,c3549_voice_029,4,16000,1
ERA5120-3550,voice,c3550_voice_030,4,16000,1
ERA5120-3551,voice,c3551_voice_031,4,16000,1
ERA5120-3552,voice,c3552_voice_032,4,16000,1
ERA5120-3553,voice,c3553_voice_033,4,16000,1
ERA5120-3554,voice,c3554_voice_034,4,16000,1
ERA5120-3555,voice,c3555_voice_035,4,16000,1
ERA5120-3556,voice,c3556_voice_036,4,16000,1
ERA5120-3557,voice,c3557_voice_037,4,16000,1
ERA5120-3558,voice,c3558_voice_038,4,16000,1
ERA5120-3559,voice,c3559_voice_039,4,16000,1
ERA5120-3560,voice,c3560_voice_040,4,16000,1
ERA5120-3561,voice,c3561_voice_041,4,16000,1
ERA5120-3562,voice,c3562_voice_042,4,16000,1
ERA5120-3563,voice,c3563_voice_043,4,16000,1
ERA5120-3564,voice,c3564_voice_044,4,16000,1
ERA5120-3565,voice,c3565_voice_045,4,16000,1
ERA5120-3566,voice,c3566_voice_046,4,16000,1
ERA5120-3567,voice,c3567_voice_047,4,16000,1
ERA5120-3568,voice,c3568_voice_048,4,16000,1
ERA5120-3569,voice,c3569_voice_049,4,16000,1
ERA5120-3570,voice,c3570_voice_050,4,16000,1
ERA5120-3571,voice,c3571_voice_051,4,16000,1
ERA5120-3572,voice,c3572_voice_052,4,16000,1
ERA5120-3573,voice,c3573_voice_053,4,16000,1
ERA5120-3574,voice,c3574_voice_054,4,16000,1
ERA5120-3575,voice,c3575_voice_055,4,16000,1
ERA5120-3576,voice,c3576_voice_056,4,16000,1
ERA5120-3577,voice,c3577_voice_057,4,16000,1
ERA5120-3578,voice,c3578_voice_058,4,16000,1
ERA5120-3579,voice,c3579_voice_059,4,16000,1
ERA5120-3580,voice,c3580_voice_060,4,16000,1
ERA5120-3581,voice,c3581_voice_061,4,16000,1
ERA5120-3582,voice,c3582_voice_062,4,16000,1
ERA5120-3583,voice,c3583_voice_063,4,16000,1
ERA5120-3584,voice,c3584_voice_064,4,16000,1
ERA5120-3585,voice,c3585_voice_065,4,16000,1
ERA5120-3586,voice,c3586_voice_066,4,16000,1
ERA5120-3587,voice,c3587_voice_067,4,16000,1
ERA5120-3588,voice,c3588_voice_068,4,16000,1
ERA5120-3589,voice,c3589_voice_069,4,16000,1
ERA5120-3590,voice,c3590_voice_070,4,16000,1
ERA5120-3591,voice,c3591_voice_071,4,16000,1
ERA5120-3592,voice,c3592_voice_072,4,16000,1
ERA5120-3593,voice,c3593_voice_073,4,16000,1
ERA5120-3594,voice,c3594_voice_074,4,16000,1
ERA5120-3595,voice,c3595_voice_075,4,16000,1
ERA5120-3596,voice,c3596_voice_076,4,16000,1
ERA5120-3597,voice,c3597_voice_077,4,16000,1
ERA5120-3598,voice,c3598_voice_078,4,16000,1
ERA5120-3599,voice,c3599_voice_079,4,16000,1
ERA5120-3600,voice,c3600_voice_080,4,16000,1
ERA5120-3601,voice,c3601_voice_081,4,16000,1
ERA5120-3602,voice,c3602_voice_082,4,16000,1
ERA5120-3603,voice,c3603_voice_083,4,16000,1
ERA5120-3604,voice,c3604_voice_084,4,16000,1
ERA5120-3605,voice,c3605_voice_085,4,16000,1
ERA5120-3606,voice,c3606_voice_086,4,16000,1
ERA5120-3607,voice,c3607_voice_087,4,16000,1
ERA5120-3608,voice,c3608_voice_088,4,16000,1
ERA5120-3609,voice,c3609_voice_089,4,16000,1
ERA5120-3610,voice,c3610_voice_090,4,16000,1
ERA5120-3611,voice,c3611_voice_091,4,16000,1
ERA5120-3612,voice,c3612_voice_092,4,16000,1
ERA5120-3613,voice,c3613_voice_093,4,16000,1
ERA5120-3614,voice,c3614_voice_094,4,16000,1
ERA5120-3615,voice,c3615_voice_095,4,16000,1
ERA5120-3616,voice,c3616_voice_096,4,16000,1
ERA5120-3617,voice,c3617_voice_097,4,16000,1
ERA5120-3618,voice,c3618_voice_098,4,16000,1
ERA5120-3619,voice,c3619_voice_099,4,16000,1
ERA5120-3620,voice,c3620_voice_100,4,16000,1
ERA5120-3621,voice,c3621_voice_101,4,16000,1
ERA5120-3622,voice,c3622_voice_102,4,16000,1
ERA5120-3623,voice,c3623_voice_103,4,16000,1
ERA5120-3624,voice,c3624_voice_104,4,16000,1
ERA5120-3625,voice,c3625_voice_105,4,16000,1
ERA5120-3626,voice,c3626_voice_106,4,16000,1
ERA5120-3627,voice,c3627_voice_107,4,16000,1
ERA5120-3628,voice,c3628_voice_108,4,16000,1
ERA5120-3629,voice,c3629_voice_109,4,16000,1
ERA5120-3630,voice,c3630_voice_110,4,16000,1
ERA5120-3631,voice,c3631_voice_111,4,16000,1
ERA5120-3632,voice,c3632_voice_112,4,16000,1
ERA5120-3633,voice,c3633_voice_113,4,16000,1
ERA5120-3634,voice,c3634_voice_114,4,16000,1
ERA5120-3635,voice,c3635_voice_115,4,16000,1
ERA5120-3636,voice,c3636_voice_116,4,16000,1
ERA5120-3637,voice,c3637_voice_117,4,16000,1
ERA5120-3638,voice,c3638_voice_118,4,16000,1
ERA5120-3639,voice,c3639_voice_119,4,16000,1
ERA5120-3640,voice,c3640_voice_120,4,16000,1
ERA5120-3641,voice,c3641_voice_121,4,16000,1
ERA5120-3642,voice,c3642_voice_122,4,16000,1
ERA5120-3643,voice,c3643_voice_123,4,16000,1
ERA5120-3644,voice,c3644_voice_124,4,16000,1
ERA5120-3645,voice,c3645_voice_125,4,16000,1
ERA5120-3646,voice,c3646_voice_126,4,16000,1
ERA5120-3647,voice,c3647_voice_127,4,16000,1
ERA5120-3648,voice,c3648_voice_128,4,16000,1
ERA5120-3649,voice,c3649_voice_129,4,16000,1
ERA5120-3650,voice,c3650_voice_130,4,16000,1
ERA5120-3651,voice,c3651_voice_131,4,16000,1
ERA5120-3652,voice,c3652_voice_132,4,16000,1
ERA5120-3653,voice,c3653_voice_133,4,16000,1
ERA5120-3654,voice,c3654_voice_134,4,16000,1
ERA5120-3655,voice,c3655_voice_135,4,16000,1
ERA5120-3656,voice,c3656_voice_136,4,16000,1
ERA5120-3657,voice,c3657_voice_137,4,16000,1
ERA5120-3658,voice,c3658_voice_138,4,16000,1
ERA5120-3659,voice,c3659_voice_139,4,16000,1
ERA5120-3660,voice,c3660_voice_140,4,16000,1
ERA5120-3661,voice,c3661_voice_141,4,16000,1
ERA5120-3662,voice,c3662_voice_142,4,16000,1
ERA5120-3663,voice,c3663_voice_143,4,16000,1
ERA5120-3664,voice,c3664_voice_144,4,16000,1
ERA5120-3665,voice,c3665_voice_145,4,16000,1
ERA5120-3666,voice,c3666_voice_146,4,16000,1
ERA5120-3667,voice,c3667_voice_147,4,16000,1
ERA5120-3668,voice,c3668_voice_148,4,16000,1
ERA5120-3669,voice,c3669_voice_149,4,16000,1
ERA5120-3670,voice,c3670_voice_150,4,16000,1
ERA5120-3671,voice,c3671_voice_151,4,16000,1
ERA5120-3672,voice,c3672_voice_152,4,16000,1
ERA5120-3673,voice,c3673_voice_153,4,16000,1
ERA5120-3674,voice,c3674_voice_154,4,16000,1
ERA5120-3675,voice,c3675_voice_155,4,16000,1
ERA5120-3676,voice,c3676_voice_156,4,16000,1
ERA5120-3677,voice,c3677_voice_157,4,16000,1
ERA5120-3678,voice,c3678_voice_158,4,16000,1
ERA5120-3679,voice,c3679_voice_159,4,16000,1
ERA5120-3680,voice,c3680_voice_160,4,16000,1
ERA5120-3681,voice,c3681_voice_161,4,16000,1
ERA5120-3682,voice,c3682_voice_162,4,16000,1
ERA5120-3683,voice,c3683_voice_163,4,16000,1
ERA5120-3684,voice,c3684_voice_164,4,16000,1
ERA5120-3685,voice,c3685_voice_165,4,16000,1
ERA5120-3686,voice,c3686_voice_166,4,16000,1
ERA5120-3687,voice,c3687_voice_167,4,16000,1
ERA5120-3688,voice,c3688_voice_168,4,16000,1
ERA5120-3689,voice,c3689_voice_169,4,16000,1
ERA5120-3690,voice,c3690_voice_170,4,16000,1
ERA5120-3691,voice,c3691_voice_171,4,16000,1
ERA5120-3692,voice,c3692_voice_172,4,16000,1
ERA5120-3693,voice,c3693_voice_173,4,16000,1
ERA5120-3694,voice,c3694_voice_174,4,16000,1
ERA5120-3695,voice,c3695_voice_175,4,16000,1
ERA5120-3696,voice,c3696_voice_176,4,16000,1
ERA5120-3697,voice,c3697_voice_177,4,16000,1
ERA5120-3698,voice,c3698_voice_178,4,16000,1
ERA5120-3699,voice,c3699_voice_179,4,16000,1
ERA5120-3700,voice,c3700_voice_180,4,16000,1
ERA5120-3701,voice,c3701_voice_181,4,16000,1
ERA5120-3702,voice,c3702_voice_182,4,16000,1
ERA5120-3703,voice,c3703_voice_183,4,16000,1
ERA5120-3704,voice,c3704_voice_184,4,16000,1
ERA5120-3705,voice,c3705_voice_185,4,16000,1
ERA5120-3706,voice,c3706_voice_186,4,16000,1
ERA5120-3707,voice,c3707_voice_187,4,16000,1
ERA5120-3708,voice,c3708_voice_188,4,16000,1
ERA5120-3709,voice,c3709_voice_189,4,16000,1
ERA5120-3710,voice,c3710_voice_190,4,16000,1
ERA5120-3711,voice,c3711_voice_191,4,16000,1
ERA5120-3712,voice,c3712_voice_192,4,16000,1
ERA5120-3713,voice,c3713_voice_193,4,16000,1
ERA5120-3714,voice,c3714_voice_194,4,16000,1
ERA5120-3715,voice,c3715_voice_195,4,16000,1
ERA5120-3716,voice,c3716_voice_196,4,16000,1
ERA5120-3717,voice,c3717_voice_197,4,16000,1
ERA5120-3718,voice,c3718_voice_198,4,16000,1
ERA5120-3719,voice,c3719_voice_199,4,16000,1
ERA5120-3720,voice,c3720_voice_200,4,16000,1
ERA5120-3721,voice,c3721_voice_201,4,16000,1
ERA5120-3722,voice,c3722_voice_202,4,16000,1
ERA5120-3723,voice,c3723_voice_203,4,16000,1
ERA5120-3724,voice,c3724_voice_204,4,16000,1
ERA5120-3725,voice,c3725_voice_205,4,16000,1
ERA5120-3726,voice,c3726_voice_206,4,16000,1
ERA5120-3727,voice,c3727_voice_207,4,16000,1
ERA5120-3728,voice,c3728_voice_208,4,16000,1
ERA5120-3729,voice,c3729_voice_209,4,16000,1
ERA5120-3730,voice,c3730_voice_210,4,16000,1
ERA5120-3731,voice,c3731_voice_211,4,16000,1
ERA5120-3732,voice,c3732_voice_212,4,16000,1
ERA5120-3733,voice,c3733_voice_213,4,16000,1
ERA5120-3734,voice,c3734_voice_214,4,16000,1
ERA5120-3735,voice,c3735_voice_215,4,16000,1
ERA5120-3736,voice,c3736_voice_216,4,16000,1
ERA5120-3737,voice,c3737_voice_217,4,16000,1
ERA5120-3738,voice,c3738_voice_218,4,16000,1
ERA5120-3739,voice,c3739_voice_219,4,16000,1
ERA5120-3740,voice,c3740_voice_220,4,16000,1
ERA5120-3741,voice,c3741_voice_221,4,16000,1
ERA5120-3742,voice,c3742_voice_222,4,16000,1
ERA5120-3743,voice,c3743_voice_223,4,16000,1
ERA5120-3744,voice,c3744_voice_224,4,16000,1
ERA5120-3745,voice,c3745_voice_225,4,16000,1
ERA5120-3746,voice,c3746_voice_226,4,16000,1
ERA5120-3747,voice,c3747_voice_227,4,16000,1
ERA5120-3748,voice,c3748_voice_228,4,16000,1
ERA5120-3749,voice,c3749_voice_229,4,16000,1
ERA5120-3750,voice,c3750_voice_230,4,16000,1
ERA5120-3751,voice,c3751_voice_231,4,16000,1
ERA5120-3752,voice,c3752_voice_232,4,16000,1
ERA5120-3753,voice,c3753_voice_233,4,16000,1
ERA5120-3754,voice,c3754_voice_234,4,16000,1
ERA5120-3755,voice,c3755_voice_235,4,16000,1
ERA5120-3756,voice,c3756_voice_236,4,16000,1
ERA5120-3757,voice,c3757_voice_237,4,16000,1
ERA5120-3758,voice,c3758_voice_238,4,16000,1
ERA5120-3759,voice,c3759_voice_239,4,16000,1
ERA5120-3760,voice,c3760_voice_240,4,16000,1
ERA5120-3761,voice,c3761_voice_241,4,16000,1
ERA5120-3762,voice,c3762_voice_242,4,16000,1
ERA5120-3763,voice,c3763_voice_243,4,16000,1
ERA5120-3764,voice,c3764_voice_244,4,16000,1
ERA5120-3765,voice,c3765_voice_245,4,16000,1
ERA5120-3766,voice,c3766_voice_246,4,16000,1
ERA5120-3767,voice,c3767_voice_247,4,16000,1
ERA5120-3768,voice,c3768_voice_248,4,16000,1
ERA5120-3769,voice,c3769_voice_249,4,16000,1
ERA5120-3770,voice,c3770_voice_250,4,16000,1
ERA5120-3771,voice,c3771_voice_251,4,16000,1
ERA5120-3772,voice,c3772_voice_252,4,16000,1
ERA5120-3773,voice,c3773_voice_253,4,16000,1
ERA5120-3774,voice,c3774_voice_254,4,16000,1
ERA5120-3775,voice,c3775_voice_255,4,16000,1
ERA5120-3776,voice,c3776_voice_256,4,16000,1
ERA5120-3777,voice,c3777_voice_257,4,16000,1
ERA5120-3778,voice,c3778_voice_258,4,16000,1
ERA5120-3779,voice,c3779_voice_259,4,16000,1
ERA5120-3780,voice,c3780_voice_260,4,16000,1
ERA5120-3781,voice,c3781_voice_261,4,16000,1
ERA5120-3782,voice,c3782_voice_262,4,16000,1
ERA5120-3783,voice,c3783_voice_263,4,16000,1
ERA5120-3784,voice,c3784_voice_264,4,16000,1
ERA5120-3785,voice,c3785_voice_265,4,16000,1
ERA5120-3786,voice,c3786_voice_266,4,16000,1
ERA5120-3787,voice,c3787_voice_267,4,16000,1
ERA5120-3788,voice,c3788_voice_268,4,16000,1
ERA5120-3789,voice,c3789_voice_269,4,16000,1
ERA5120-3790,voice,c3790_voice_270,4,16000,1
ERA5120-3791,voice,c3791_voice_271,4,16000,1
ERA5120-3792,voice,c3792_voice_272,4,16000,1
ERA5120-3793,voice,c3793_voice_273,4,16000,1
ERA5120-3794,voice,c3794_voice_274,4,16000,1
ERA5120-3795,voice,c3795_voice_275,4,16000,1
ERA5120-3796,voice,c3796_voice_276,4,16000,1
ERA5120-3797,voice,c3797_voice_277,4,16000,1
ERA5120-3798,voice,c3798_voice_278,4,16000,1
ERA5120-3799,voice,c3799_voice_279,4,16000,1
ERA5120-3800,voice,c3800_voice_280,4,16000,1
ERA5120-3801,voice,c3801_voice_281,4,16000,1
ERA5120-3802,voice,c3802_voice_282,4,16000,1
ERA5120-3803,voice,c3803_voice_283,4,16000,1
ERA5120-3804,voice,c3804_voice_284,4,16000,1
ERA5120-3805,voice,c3805_voice_285,4,16000,1
ERA5120-3806,voice,c3806_voice_286,4,16000,1
ERA5120-3807,voice,c3807_voice_287,4,16000,1
ERA5120-3808,voice,c3808_voice_288,4,16000,1
ERA5120-3809,voice,c3809_voice_289,4,16000,1
ERA5120-3810,voice,c3810_voice_290,4,16000,1
ERA5120-3811,voice,c3811_voice_291,4,16000,1
ERA5120-3812,voice,c3812_voice_292,4,16000,1
ERA5120-3813,voice,c3813_voice_293,4,16000,1
ERA5120-3814,voice,c3814_voice_294,4,16000,1
ERA5120-3815,voice,c3815_voice_295,4,16000,1
ERA5120-3816,voice,c3816_voice_296,4,16000,1
ERA5120-3817,voice,c3817_voice_297,4,16000,1
ERA5120-3818,voice,c3818_voice_298,4,16000,1
ERA5120-3819,voice,c3819_voice_299,4,16000,1
ERA5120-3820,voice,c3820_voice_300,4,16000,1
ERA5120-3821,voice,c3821_voice_301,4,16000,1
ERA5120-3822,voice,c3822_voice_302,4,16000,1
ERA5120-3823,voice,c3823_voice_303,4,16000,1
ERA5120-3824,voice,c3824_voice_304,4,16000,1
ERA5120-3825,voice,c3825_voice_305,4,16000,1
ERA5120-3826,voice,c3826_voice_306,4,16000,1
ERA5120-3827,voice,c3827_voice_307,4,16000,1
ERA5120-3828,voice,c3828_voice_308,4,16000,1
ERA5120-3829,voice,c3829_voice_309,4,16000,1
ERA5120-3830,voice,c3830_voice_310,4,16000,1
ERA5120-3831,voice,c3831_voice_311,4,16000,1
ERA5120-3832,voice,c3832_voice_312,4,16000,1
ERA5120-3833,voice,c3833_voice_313,4,16000,1
ERA5120-3834,voice,c3834_voice_314,4,16000,1
ERA5120-3835,voice,c3835_voice_315,4,16000,1
ERA5120-3836,voice,c3836_voice_316,4,16000,1
ERA5120-3837,voice,c3837_voice_317,4,16000,1
ERA5120-3838,voice,c3838_voice_318,4,16000,1
ERA5120-3839,voice,c3839_voice_319,4,16000,1
ERA5120-3840,voice,c3840_voice_320,4,16000,1
ERA5120-3841,ambient,c3841_ambient_001,4,44100,2
ERA5120-3842,ambient,c3842_ambient_002,4,44100,2
ERA5120-3843,ambient,c3843_ambient_003,4,44100,2
ERA5120-3844,ambient,c3844_ambient_004,4,44100,2
ERA5120-3845,ambient,c3845_ambient_005,4,44100,2
ERA5120-3846,ambient,c3846_ambient_006,4,44100,2
ERA5120-3847,ambient,c3847_ambient_007,4,44100,2
ERA5120-3848,ambient,c3848_ambient_008,4,44100,2
ERA5120-3849,ambient,c3849_ambient_009,4,44100,2
ERA5120-3850,ambient,c3850_ambient_010,4,44100,2
ERA5120-3851,ambient,c3851_ambient_011,4,44100,2
ERA5120-3852,ambient,c3852_ambient_012,4,44100,2
ERA5120-3853,ambient,c3853_ambient_013,4,44100,2
ERA5120-3854,ambient,c3854_ambient_014,4,44100,2
ERA5120-3855,ambient,c3855_ambient_015,4,44100,2
ERA5120-3856,ambient,c3856_ambient_016,4,44100,2
ERA5120-3857,ambient,c3857_ambient_017,4,44100,2
ERA5120-3858,ambient,c3858_ambient_018,4,44100,2
ERA5120-3859,ambient,c3859_ambient_019,4,44100,2
ERA5120-3860,ambient,c3860_ambient_020,4,44100,2
ERA5120-3861,ambient,c3861_ambient_021,4,44100,2
ERA5120-3862,ambient,c3862_ambient_022,4,44100,2
ERA5120-3863,ambient,c3863_ambient_023,4,44100,2
ERA5120-3864,ambient,c3864_ambient_024,4,44100,2
ERA5120-3865,ambient,c3865_ambient_025,4,44100,2
ERA5120-3866,ambient,c3866_ambient_026,4,44100,2
ERA5120-3867,ambient,c3867_ambient_027,4,44100,2
ERA5120-3868,ambient,c3868_ambient_028,4,44100,2
ERA5120-3869,ambient,c3869_ambient_029,4,44100,2
ERA5120-3870,ambient,c3870_ambient_030,4,44100,2
ERA5120-3871,ambient,c3871_ambient_031,4,44100,2
ERA5120-3872,ambient,c3872_ambient_032,4,44100,2
ERA5120-3873,ambient,c3873_ambient_033,4,44100,2
ERA5120-3874,ambient,c3874_ambient_034,4,44100,2
ERA5120-3875,ambient,c3875_ambient_035,4,44100,2
ERA5120-3876,ambient,c3876_ambient_036,4,44100,2
ERA5120-3877,ambient,c3877_ambient_037,4,44100,2
ERA5120-3878,ambient,c3878_ambient_038,4,44100,2
ERA5120-3879,ambient,c3879_ambient_039,4,44100,2
ERA5120-3880,ambient,c3880_ambient_040,4,44100,2
ERA5120-3881,ambient,c3881_ambient_041,4,44100,2
ERA5120-3882,ambient,c3882_ambient_042,4,44100,2
ERA5120-3883,ambient,c3883_ambient_043,4,44100,2
ERA5120-3884,ambient,c3884_ambient_044,4,44100,2
ERA5120-3885,ambient,c3885_ambient_045,4,44100,2
ERA5120-3886,ambient,c3886_ambient_046,4,44100,2
ERA5120-3887,ambient,c3887_ambient_047,4,44100,2
ERA5120-3888,ambient,c3888_ambient_048,4,44100,2
ERA5120-3889,ambient,c3889_ambient_049,4,44100,2
ERA5120-3890,ambient,c3890_ambient_050,4,44100,2
ERA5120-3891,ambient,c3891_ambient_051,4,44100,2
ERA5120-3892,ambient,c3892_ambient_052,4,44100,2
ERA5120-3893,ambient,c3893_ambient_053,4,44100,2
ERA5120-3894,ambient,c3894_ambient_054,4,44100,2
ERA5120-3895,ambient,c3895_ambient_055,4,44100,2
ERA5120-3896,ambient,c3896_ambient_056,4,44100,2
ERA5120-3897,ambient,c3897_ambient_057,4,44100,2
ERA5120-3898,ambient,c3898_ambient_058,4,44100,2
ERA5120-3899,ambient,c3899_ambient_059,4,44100,2
ERA5120-3900,ambient,c3900_ambient_060,4,44100,2
ERA5120-3901,ambient,c3901_ambient_061,4,44100,2
ERA5120-3902,ambient,c3902_ambient_062,4,44100,2
ERA5120-3903,ambient,c3903_ambient_063,4,44100,2
ERA5120-3904,ambient,c3904_ambient_064,4,44100,2
ERA5120-3905,ambient,c3905_ambient_065,4,44100,2
ERA5120-3906,ambient,c3906_ambient_066,4,44100,2
ERA5120-3907,ambient,c3907_ambient_067,4,44100,2
ERA5120-3908,ambient,c3908_ambient_068,4,44100,2
ERA5120-3909,ambient,c3909_ambient_069,4,44100,2
ERA5120-3910,ambient,c3910_ambient_070,4,44100,2
ERA5120-3911,ambient,c3911_ambient_071,4,44100,2
ERA5120-3912,ambient,c3912_ambient_072,4,44100,2
ERA5120-3913,ambient,c3913_ambient_073,4,44100,2
ERA5120-3914,ambient,c3914_ambient_074,4,44100,2
ERA5120-3915,ambient,c3915_ambient_075,4,44100,2
ERA5120-3916,ambient,c3916_ambient_076,4,44100,2
ERA5120-3917,ambient,c3917_ambient_077,4,44100,2
ERA5120-3918,ambient,c3918_ambient_078,4,44100,2
ERA5120-3919,ambient,c3919_ambient_079,4,44100,2
ERA5120-3920,ambient,c3920_ambient_080,4,44100,2
ERA5120-3921,ambient,c3921_ambient_081,4,44100,2
ERA5120-3922,ambient,c3922_ambient_082,4,44100,2
ERA5120-3923,ambient,c3923_ambient_083,4,44100,2
ERA5120-3924,ambient,c3924_ambient_084,4,44100,2
ERA5120-3925,ambient,c3925_ambient_085,4,44100,2
ERA5120-3926,ambient,c3926_ambient_086,4,44100,2
ERA5120-3927,ambient,c3927_ambient_087,4,44100,2
ERA5120-3928,ambient,c3928_ambient_088,4,44100,2
ERA5120-3929,ambient,c3929_ambient_089,4,44100,2
ERA5120-3930,ambient,c3930_ambient_090,4,44100,2
ERA5120-3931,ambient,c3931_ambient_091,4,44100,2
ERA5120-3932,ambient,c3932_ambient_092,4,44100,2
ERA5120-3933,ambient,c3933_ambient_093,4,44100,2
ERA5120-3934,ambient,c3934_ambient_094,4,44100,2
ERA5120-3935,ambient,c3935_ambient_095,4,44100,2
ERA5120-3936,ambient,c3936_ambient_096,4,44100,2
ERA5120-3937,ambient,c3937_ambient_097,4,44100,2
ERA5120-3938,ambient,c3938_ambient_098,4,44100,2
ERA5120-3939,ambient,c3939_ambient_099,4,44100,2
ERA5120-3940,ambient,c3940_ambient_100,4,44100,2
ERA5120-3941,ambient,c3941_ambient_101,4,44100,2
ERA5120-3942,ambient,c3942_ambient_102,4,44100,2
ERA5120-3943,ambient,c3943_ambient_103,4,44100,2
ERA5120-3944,ambient,c3944_ambient_104,4,44100,2
ERA5120-3945,ambient,c3945_ambient_105,4,44100,2
ERA5120-3946,ambient,c3946_ambient_106,4,44100,2
ERA5120-3947,ambient,c3947_ambient_107,4,44100,2
ERA5120-3948,ambient,c3948_ambient_108,4,44100,2
ERA5120-3949,ambient,c3949_ambient_109,4,44100,2
ERA5120-3950,ambient,c3950_ambient_110,4,44100,2
ERA5120-3951,ambient,c3951_ambient_111,4,44100,2
ERA5120-3952,ambient,c3952_ambient_112,4,44100,2
ERA5120-3953,ambient,c3953_ambient_113,4,44100,2
ERA5120-3954,ambient,c3954_ambient_114,4,44100,2
ERA5120-3955,ambient,c3955_ambient_115,4,44100,2
ERA5120-3956,ambient,c3956_ambient_116,4,44100,2
ERA5120-3957,ambient,c3957_ambient_117,4,44100,2
ERA5120-3958,ambient,c3958_ambient_118,4,44100,2
ERA5120-3959,ambient,c3959_ambient_119,4,44100,2
ERA5120-3960,ambient,c3960_ambient_120,4,44100,2
ERA5120-3961,ambient,c3961_ambient_121,4,44100,2
ERA5120-3962,ambient,c3962_ambient_122,4,44100,2
ERA5120-3963,ambient,c3963_ambient_123,4,44100,2
ERA5120-3964,ambient,c3964_ambient_124,4,44100,2
ERA5120-3965,ambient,c3965_ambient_125,4,44100,2
ERA5120-3966,ambient,c3966_ambient_126,4,44100,2
ERA5120-3967,ambient,c3967_ambient_127,4,44100,2
ERA5120-3968,ambient,c3968_ambient_128,4,44100,2
ERA5120-3969,ambient,c3969_ambient_129,4,44100,2
ERA5120-3970,ambient,c3970_ambient_130,4,44100,2
ERA5120-3971,ambient,c3971_ambient_131,4,44100,2
ERA5120-3972,ambient,c3972_ambient_132,4,44100,2
ERA5120-3973,ambient,c3973_ambient_133,4,44100,2
ERA5120-3974,ambient,c3974_ambient_134,4,44100,2
ERA5120-3975,ambient,c3975_ambient_135,4,44100,2
ERA5120-3976,ambient,c3976_ambient_136,4,44100,2
ERA5120-3977,ambient,c3977_ambient_137,4,44100,2
ERA5120-3978,ambient,c3978_ambient_138,4,44100,2
ERA5120-3979,ambient,c3979_ambient_139,4,44100,2
ERA5120-3980,ambient,c3980_ambient_140,4,44100,2
ERA5120-3981,ambient,c3981_ambient_141,4,44100,2
ERA5120-3982,ambient,c3982_ambient_142,4,44100,2
ERA5120-3983,ambient,c3983_ambient_143,4,44100,2
ERA5120-3984,ambient,c3984_ambient_144,4,44100,2
ERA5120-3985,ambient,c3985_ambient_145,4,44100,2
ERA5120-3986,ambient,c3986_ambient_146,4,44100,2
ERA5120-3987,ambient,c3987_ambient_147,4,44100,2
ERA5120-3988,ambient,c3988_ambient_148,4,44100,2
ERA5120-3989,ambient,c3989_ambient_149,4,44100,2
ERA5120-3990,ambient,c3990_ambient_150,4,44100,2
ERA5120-3991,ambient,c3991_ambient_151,4,44100,2
ERA5120-3992,ambient,c3992_ambient_152,4,44100,2
ERA5120-3993,ambient,c3993_ambient_153,4,44100,2
ERA5120-3994,ambient,c3994_ambient_154,4,44100,2
ERA5120-3995,ambient,c3995_ambient_155,4,44100,2
ERA5120-3996,ambient,c3996_ambient_156,4,44100,2
ERA5120-3997,ambient,c3997_ambient_157,4,44100,2
ERA5120-3998,ambient,c3998_ambient_158,4,44100,2
ERA5120-3999,ambient,c3999_ambient_159,4,44100,2
ERA5120-4000,ambient,c4000_ambient_160,4,44100,2
ERA5120-4001,ambient,c4001_ambient_161,4,44100,2
ERA5120-4002,ambient,c4002_ambient_162,4,44100,2
ERA5120-4003,ambient,c4003_ambient_163,4,44100,2
ERA5120-4004,ambient,c4004_ambient_164,4,44100,2
ERA5120-4005,ambient,c4005_ambient_165,4,44100,2
ERA5120-4006,ambient,c4006_ambient_166,4,44100,2
ERA5120-4007,ambient,c4007_ambient_167,4,44100,2
ERA5120-4008,ambient,c4008_ambient_168,4,44100,2
ERA5120-4009,ambient,c4009_ambient_169,4,44100,2
ERA5120-4010,ambient,c4010_ambient_170,4,44100,2
ERA5120-4011,ambient,c4011_ambient_171,4,44100,2
ERA5120-4012,ambient,c4012_ambient_172,4,44100,2
ERA5120-4013,ambient,c4013_ambient_173,4,44100,2
ERA5120-4014,ambient,c4014_ambient_174,4,44100,2
ERA5120-4015,ambient,c4015_ambient_175,4,44100,2
ERA5120-4016,ambient,c4016_ambient_176,4,44100,2
ERA5120-4017,ambient,c4017_ambient_177,4,44100,2
ERA5120-4018,ambient,c4018_ambient_178,4,44100,2
ERA5120-4019,ambient,c4019_ambient_179,4,44100,2
ERA5120-4020,ambient,c4020_ambient_180,4,44100,2
ERA5120-4021,ambient,c4021_ambient_181,4,44100,2
ERA5120-4022,ambient,c4022_ambient_182,4,44100,2
ERA5120-4023,ambient,c4023_ambient_183,4,44100,2
ERA5120-4024,ambient,c4024_ambient_184,4,44100,2
ERA5120-4025,ambient,c4025_ambient_185,4,44100,2
ERA5120-4026,ambient,c4026_ambient_186,4,44100,2
ERA5120-4027,ambient,c4027_ambient_187,4,44100,2
ERA5120-4028,ambient,c4028_ambient_188,4,44100,2
ERA5120-4029,ambient,c4029_ambient_189,4,44100,2
ERA5120-4030,ambient,c4030_ambient_190,4,44100,2
ERA5120-4031,ambient,c4031_ambient_191,4,44100,2
ERA5120-4032,ambient,c4032_ambient_192,4,44100,2
ERA5120-4033,ambient,c4033_ambient_193,4,44100,2
ERA5120-4034,ambient,c4034_ambient_194,4,44100,2
ERA5120-4035,ambient,c4035_ambient_195,4,44100,2
ERA5120-4036,ambient,c4036_ambient_196,4,44100,2
ERA5120-4037,ambient,c4037_ambient_197,4,44100,2
ERA5120-4038,ambient,c4038_ambient_198,4,44100,2
ERA5120-4039,ambient,c4039_ambient_199,4,44100,2
ERA5120-4040,ambient,c4040_ambient_200,4,44100,2
ERA5120-4041,ambient,c4041_ambient_201,4,44100,2
ERA5120-4042,ambient,c4042_ambient_202,4,44100,2
ERA5120-4043,ambient,c4043_ambient_203,4,44100,2
ERA5120-4044,ambient,c4044_ambient_204,4,44100,2
ERA5120-4045,ambient,c4045_ambient_205,4,44100,2
ERA5120-4046,ambient,c4046_ambient_206,4,44100,2
ERA5120-4047,ambient,c4047_ambient_207,4,44100,2
ERA5120-4048,ambient,c4048_ambient_208,4,44100,2
ERA5120-4049,ambient,c4049_ambient_209,4,44100,2
ERA5120-4050,ambient,c4050_ambient_210,4,44100,2
ERA5120-4051,ambient,c4051_ambient_211,4,44100,2
ERA5120-4052,ambient,c4052_ambient_212,4,44100,2
ERA5120-4053,ambient,c4053_ambient_213,4,44100,2
ERA5120-4054,ambient,c4054_ambient_214,4,44100,2
ERA5120-4055,ambient,c4055_ambient_215,4,44100,2
ERA5120-4056,ambient,c4056_ambient_216,4,44100,2
ERA5120-4057,ambient,c4057_ambient_217,4,44100,2
ERA5120-4058,ambient,c4058_ambient_218,4,44100,2
ERA5120-4059,ambient,c4059_ambient_219,4,44100,2
ERA5120-4060,ambient,c4060_ambient_220,4,44100,2
ERA5120-4061,ambient,c4061_ambient_221,4,44100,2
ERA5120-4062,ambient,c4062_ambient_222,4,44100,2
ERA5120-4063,ambient,c4063_ambient_223,4,44100,2
ERA5120-4064,ambient,c4064_ambient_224,4,44100,2
ERA5120-4065,ambient,c4065_ambient_225,4,44100,2
ERA5120-4066,ambient,c4066_ambient_226,4,44100,2
ERA5120-4067,ambient,c4067_ambient_227,4,44100,2
ERA5120-4068,ambient,c4068_ambient_228,4,44100,2
ERA5120-4069,ambient,c4069_ambient_229,4,44100,2
ERA5120-4070,ambient,c4070_ambient_230,4,44100,2
ERA5120-4071,ambient,c4071_ambient_231,4,44100,2
ERA5120-4072,ambient,c4072_ambient_232,4,44100,2
ERA5120-4073,ambient,c4073_ambient_233,4,44100,2
ERA5120-4074,ambient,c4074_ambient_234,4,44100,2
ERA5120-4075,ambient,c4075_ambient_235,4,44100,2
ERA5120-4076,ambient,c4076_ambient_236,4,44100,2
ERA5120-4077,ambient,c4077_ambient_237,4,44100,2
ERA5120-4078,ambient,c4078_ambient_238,4,44100,2
ERA5120-4079,ambient,c4079_ambient_239,4,44100,2
ERA5120-4080,ambient,c4080_ambient_240,4,44100,2
ERA5120-4081,ambient,c4081_ambient_241,4,44100,2
ERA5120-4082,ambient,c4082_ambient_242,4,44100,2
ERA5120-4083,ambient,c4083_ambient_243,4,44100,2
ERA5120-4084,ambient,c4084_ambient_244,4,44100,2
ERA5120-4085,ambient,c4085_ambient_245,4,44100,2
ERA5120-4086,ambient,c4086_ambient_246,4,44100,2
ERA5120-4087,ambient,c4087_ambient_247,4,44100,2
ERA5120-4088,ambient,c4088_ambient_248,4,44100,2
ERA5120-4089,ambient,c4089_ambient_249,4,44100,2
ERA5120-4090,ambient,c4090_ambient_250,4,44100,2
ERA5120-4091,ambient,c4091_ambient_251,4,44100,2
ERA5120-4092,ambient,c4092_ambient_252,4,44100,2
ERA5120-4093,ambient,c4093_ambient_253,4,44100,2
ERA5120-4094,ambient,c4094_ambient_254,4,44100,2
ERA5120-4095,ambient,c4095_ambient_255,4,44100,2
ERA5120-4096,ambient,c4096_ambient_256,4,44100,2
ERA5120-4097,ambient,c4097_ambient_257,4,44100,2
ERA5120-4098,ambient,c4098_ambient_258,4,44100,2
ERA5120-4099,ambient,c4099_ambient_259,4,44100,2
ERA5120-4100,ambient,c4100_ambient_260,4,44100,2
ERA5120-4101,ambient,c4101_ambient_261,4,44100,2
ERA5120-4102,ambient,c4102_ambient_262,4,44100,2
ERA5120-4103,ambient,c4103_ambient_263,4,44100,2
ERA5120-4104,ambient,c4104_ambient_264,4,44100,2
ERA5120-4105,ambient,c4105_ambient_265,4,44100,2
ERA5120-4106,ambient,c4106_ambient_266,4,44100,2
ERA5120-4107,ambient,c4107_ambient_267,4,44100,2
ERA5120-4108,ambient,c4108_ambient_268,4,44100,2
ERA5120-4109,ambient,c4109_ambient_269,4,44100,2
ERA5120-4110,ambient,c4110_ambient_270,4,44100,2
ERA5120-4111,ambient,c4111_ambient_271,4,44100,2
ERA5120-4112,ambient,c4112_ambient_272,4,44100,2
ERA5120-4113,ambient,c4113_ambient_273,4,44100,2
ERA5120-4114,ambient,c4114_ambient_274,4,44100,2
ERA5120-4115,ambient,c4115_ambient_275,4,44100,2
ERA5120-4116,ambient,c4116_ambient_276,4,44100,2
ERA5120-4117,ambient,c4117_ambient_277,4,44100,2
ERA5120-4118,ambient,c4118_ambient_278,4,44100,2
ERA5120-4119,ambient,c4119_ambient_279,4,44100,2
ERA5120-4120,ambient,c4120_ambient_280,4,44100,2
ERA5120-4121,ambient,c4121_ambient_281,4,44100,2
ERA5120-4122,ambient,c4122_ambient_282,4,44100,2
ERA5120-4123,ambient,c4123_ambient_283,4,44100,2
ERA5120-4124,ambient,c4124_ambient_284,4,44100,2
ERA5120-4125,ambient,c4125_ambient_285,4,44100,2
ERA5120-4126,ambient,c4126_ambient_286,4,44100,2
ERA5120-4127,ambient,c4127_ambient_287,4,44100,2
ERA5120-4128,ambient,c4128_ambient_288,4,44100,2
ERA5120-4129,ambient,c4129_ambient_289,4,44100,2
ERA5120-4130,ambient,c4130_ambient_290,4,44100,2
ERA5120-4131,ambient,c4131_ambient_291,4,44100,2
ERA5120-4132,ambient,c4132_ambient_292,4,44100,2
ERA5120-4133,ambient,c4133_ambient_293,4,44100,2
ERA5120-4134,ambient,c4134_ambient_294,4,44100,2
ERA5120-4135,ambient,c4135_ambient_295,4,44100,2
ERA5120-4136,ambient,c4136_ambient_296,4,44100,2
ERA5120-4137,ambient,c4137_ambient_297,4,44100,2
ERA5120-4138,ambient,c4138_ambient_298,4,44100,2
ERA5120-4139,ambient,c4139_ambient_299,4,44100,2
ERA5120-4140,ambient,c4140_ambient_300,4,44100,2
ERA5120-4141,ambient,c4141_ambient_301,4,44100,2
ERA5120-4142,ambient,c4142_ambient_302,4,44100,2
ERA5120-4143,ambient,c4143_ambient_303,4,44100,2
ERA5120-4144,ambient,c4144_ambient_304,4,44100,2
ERA5120-4145,ambient,c4145_ambient_305,4,44100,2
ERA5120-4146,ambient,c4146_ambient_306,4,44100,2
ERA5120-4147,ambient,c4147_ambient_307,4,44100,2
ERA5120-4148,ambient,c4148_ambient_308,4,44100,2
ERA5120-4149,ambient,c4149_ambient_309,4,44100,2
ERA5120-4150,ambient,c4150_ambient_310,4,44100,2
ERA5120-4151,ambient,c4151_ambient_311,4,44100,2
ERA5120-4152,ambient,c4152_ambient_312,4,44100,2
ERA5120-4153,ambient,c4153_ambient_313,4,44100,2
ERA5120-4154,ambient,c4154_ambient_314,4,44100,2
ERA5120-4155,ambient,c4155_ambient_315,4,44100,2
ERA5120-4156,ambient,c4156_ambient_316,4,44100,2
ERA5120-4157,ambient,c4157_ambient_317,4,44100,2
ERA5120-4158,ambient,c4158_ambient_318,4,44100,2
ERA5120-4159,ambient,c4159_ambient_319,4,44100,2
ERA5120-4160,ambient,c4160_ambient_320,4,44100,2
ERA5120-4161,sting,c4161_sting_001,2,44100,1
ERA5120-4162,sting,c4162_sting_002,2,44100,1
ERA5120-4163,sting,c4163_sting_003,2,44100,1
ERA5120-4164,sting,c4164_sting_004,2,44100,1
ERA5120-4165,sting,c4165_sting_005,2,44100,1
ERA5120-4166,sting,c4166_sting_006,2,44100,1
ERA5120-4167,sting,c4167_sting_007,2,44100,1
ERA5120-4168,sting,c4168_sting_008,2,44100,1
ERA5120-4169,sting,c4169_sting_009,2,44100,1
ERA5120-4170,sting,c4170_sting_010,2,44100,1
ERA5120-4171,sting,c4171_sting_011,2,44100,1
ERA5120-4172,sting,c4172_sting_012,2,44100,1
ERA5120-4173,sting,c4173_sting_013,2,44100,1
ERA5120-4174,sting,c4174_sting_014,2,44100,1
ERA5120-4175,sting,c4175_sting_015,2,44100,1
ERA5120-4176,sting,c4176_sting_016,2,44100,1
ERA5120-4177,sting,c4177_sting_017,2,44100,1
ERA5120-4178,sting,c4178_sting_018,2,44100,1
ERA5120-4179,sting,c4179_sting_019,2,44100,1
ERA5120-4180,sting,c4180_sting_020,2,44100,1
ERA5120-4181,sting,c4181_sting_021,2,44100,1
ERA5120-4182,sting,c4182_sting_022,2,44100,1
ERA5120-4183,sting,c4183_sting_023,2,44100,1
ERA5120-4184,sting,c4184_sting_024,2,44100,1
ERA5120-4185,sting,c4185_sting_025,2,44100,1
ERA5120-4186,sting,c4186_sting_026,2,44100,1
ERA5120-4187,sting,c4187_sting_027,2,44100,1
ERA5120-4188,sting,c4188_sting_028,2,44100,1
ERA5120-4189,sting,c4189_sting_029,2,44100,1
ERA5120-4190,sting,c4190_sting_030,2,44100,1
ERA5120-4191,sting,c4191_sting_031,2,44100,1
ERA5120-4192,sting,c4192_sting_032,2,44100,1
ERA5120-4193,sting,c4193_sting_033,2,44100,1
ERA5120-4194,sting,c4194_sting_034,2,44100,1
ERA5120-4195,sting,c4195_sting_035,2,44100,1
ERA5120-4196,sting,c4196_sting_036,2,44100,1
ERA5120-4197,sting,c4197_sting_037,2,44100,1
ERA5120-4198,sting,c4198_sting_038,2,44100,1
ERA5120-4199,sting,c4199_sting_039,2,44100,1
ERA5120-4200,sting,c4200_sting_040,2,44100,1
ERA5120-4201,sting,c4201_sting_041,2,44100,1
ERA5120-4202,sting,c4202_sting_042,2,44100,1
ERA5120-4203,sting,c4203_sting_043,2,44100,1
ERA5120-4204,sting,c4204_sting_044,2,44100,1
ERA5120-4205,sting,c4205_sting_045,2,44100,1
ERA5120-4206,sting,c4206_sting_046,2,44100,1
ERA5120-4207,sting,c4207_sting_047,2,44100,1
ERA5120-4208,sting,c4208_sting_048,2,44100,1
ERA5120-4209,sting,c4209_sting_049,2,44100,1
ERA5120-4210,sting,c4210_sting_050,2,44100,1
ERA5120-4211,sting,c4211_sting_051,2,44100,1
ERA5120-4212,sting,c4212_sting_052,2,44100,1
ERA5120-4213,sting,c4213_sting_053,2,44100,1
ERA5120-4214,sting,c4214_sting_054,2,44100,1
ERA5120-4215,sting,c4215_sting_055,2,44100,1
ERA5120-4216,sting,c4216_sting_056,2,44100,1
ERA5120-4217,sting,c4217_sting_057,2,44100,1
ERA5120-4218,sting,c4218_sting_058,2,44100,1
ERA5120-4219,sting,c4219_sting_059,2,44100,1
ERA5120-4220,sting,c4220_sting_060,2,44100,1
ERA5120-4221,sting,c4221_sting_061,2,44100,1
ERA5120-4222,sting,c4222_sting_062,2,44100,1
ERA5120-4223,sting,c4223_sting_063,2,44100,1
ERA5120-4224,sting,c4224_sting_064,2,44100,1
ERA5120-4225,sting,c4225_sting_065,2,44100,1
ERA5120-4226,sting,c4226_sting_066,2,44100,1
ERA5120-4227,sting,c4227_sting_067,2,44100,1
ERA5120-4228,sting,c4228_sting_068,2,44100,1
ERA5120-4229,sting,c4229_sting_069,2,44100,1
ERA5120-4230,sting,c4230_sting_070,2,44100,1
ERA5120-4231,sting,c4231_sting_071,2,44100,1
ERA5120-4232,sting,c4232_sting_072,2,44100,1
ERA5120-4233,sting,c4233_sting_073,2,44100,1
ERA5120-4234,sting,c4234_sting_074,2,44100,1
ERA5120-4235,sting,c4235_sting_075,2,44100,1
ERA5120-4236,sting,c4236_sting_076,2,44100,1
ERA5120-4237,sting,c4237_sting_077,2,44100,1
ERA5120-4238,sting,c4238_sting_078,2,44100,1
ERA5120-4239,sting,c4239_sting_079,2,44100,1
ERA5120-4240,sting,c4240_sting_080,2,44100,1
ERA5120-4241,sting,c4241_sting_081,2,44100,1
ERA5120-4242,sting,c4242_sting_082,2,44100,1
ERA5120-4243,sting,c4243_sting_083,2,44100,1
ERA5120-4244,sting,c4244_sting_084,2,44100,1
ERA5120-4245,sting,c4245_sting_085,2,44100,1
ERA5120-4246,sting,c4246_sting_086,2,44100,1
ERA5120-4247,sting,c4247_sting_087,2,44100,1
ERA5120-4248,sting,c4248_sting_088,2,44100,1
ERA5120-4249,sting,c4249_sting_089,2,44100,1
ERA5120-4250,sting,c4250_sting_090,2,44100,1
ERA5120-4251,sting,c4251_sting_091,2,44100,1
ERA5120-4252,sting,c4252_sting_092,2,44100,1
ERA5120-4253,sting,c4253_sting_093,2,44100,1
ERA5120-4254,sting,c4254_sting_094,2,44100,1
ERA5120-4255,sting,c4255_sting_095,2,44100,1
ERA5120-4256,sting,c4256_sting_096,2,44100,1
ERA5120-4257,sting,c4257_sting_097,2,44100,1
ERA5120-4258,sting,c4258_sting_098,2,44100,1
ERA5120-4259,sting,c4259_sting_099,2,44100,1
ERA5120-4260,sting,c4260_sting_100,2,44100,1
ERA5120-4261,sting,c4261_sting_101,2,44100,1
ERA5120-4262,sting,c4262_sting_102,2,44100,1
ERA5120-4263,sting,c4263_sting_103,2,44100,1
ERA5120-4264,sting,c4264_sting_104,2,44100,1
ERA5120-4265,sting,c4265_sting_105,2,44100,1
ERA5120-4266,sting,c4266_sting_106,2,44100,1
ERA5120-4267,sting,c4267_sting_107,2,44100,1
ERA5120-4268,sting,c4268_sting_108,2,44100,1
ERA5120-4269,sting,c4269_sting_109,2,44100,1
ERA5120-4270,sting,c4270_sting_110,2,44100,1
ERA5120-4271,sting,c4271_sting_111,2,44100,1
ERA5120-4272,sting,c4272_sting_112,2,44100,1
ERA5120-4273,sting,c4273_sting_113,2,44100,1
ERA5120-4274,sting,c4274_sting_114,2,44100,1
ERA5120-4275,sting,c4275_sting_115,2,44100,1
ERA5120-4276,sting,c4276_sting_116,2,44100,1
ERA5120-4277,sting,c4277_sting_117,2,44100,1
ERA5120-4278,sting,c4278_sting_118,2,44100,1
ERA5120-4279,sting,c4279_sting_119,2,44100,1
ERA5120-4280,sting,c4280_sting_120,2,44100,1
ERA5120-4281,sting,c4281_sting_121,2,44100,1
ERA5120-4282,sting,c4282_sting_122,2,44100,1
ERA5120-4283,sting,c4283_sting_123,2,44100,1
ERA5120-4284,sting,c4284_sting_124,2,44100,1
ERA5120-4285,sting,c4285_sting_125,2,44100,1
ERA5120-4286,sting,c4286_sting_126,2,44100,1
ERA5120-4287,sting,c4287_sting_127,2,44100,1
ERA5120-4288,sting,c4288_sting_128,2,44100,1
ERA5120-4289,sting,c4289_sting_129,2,44100,1
ERA5120-4290,sting,c4290_sting_130,2,44100,1
ERA5120-4291,sting,c4291_sting_131,2,44100,1
ERA5120-4292,sting,c4292_sting_132,2,44100,1
ERA5120-4293,sting,c4293_sting_133,2,44100,1
ERA5120-4294,sting,c4294_sting_134,2,44100,1
ERA5120-4295,sting,c4295_sting_135,2,44100,1
ERA5120-4296,sting,c4296_sting_136,2,44100,1
ERA5120-4297,sting,c4297_sting_137,2,44100,1
ERA5120-4298,sting,c4298_sting_138,2,44100,1
ERA5120-4299,sting,c4299_sting_139,2,44100,1
ERA5120-4300,sting,c4300_sting_140,2,44100,1
ERA5120-4301,sting,c4301_sting_141,2,44100,1
ERA5120-4302,sting,c4302_sting_142,2,44100,1
ERA5120-4303,sting,c4303_sting_143,2,44100,1
ERA5120-4304,sting,c4304_sting_144,2,44100,1
ERA5120-4305,sting,c4305_sting_145,2,44100,1
ERA5120-4306,sting,c4306_sting_146,2,44100,1
ERA5120-4307,sting,c4307_sting_147,2,44100,1
ERA5120-4308,sting,c4308_sting_148,2,44100,1
ERA5120-4309,sting,c4309_sting_149,2,44100,1
ERA5120-4310,sting,c4310_sting_150,2,44100,1
ERA5120-4311,sting,c4311_sting_151,2,44100,1
ERA5120-4312,sting,c4312_sting_152,2,44100,1
ERA5120-4313,sting,c4313_sting_153,2,44100,1
ERA5120-4314,sting,c4314_sting_154,2,44100,1
ERA5120-4315,sting,c4315_sting_155,2,44100,1
ERA5120-4316,sting,c4316_sting_156,2,44100,1
ERA5120-4317,sting,c4317_sting_157,2,44100,1
ERA5120-4318,sting,c4318_sting_158,2,44100,1
ERA5120-4319,sting,c4319_sting_159,2,44100,1
ERA5120-4320,sting,c4320_sting_160,2,44100,1
ERA5120-4321,sting,c4321_sting_161,2,44100,1
ERA5120-4322,sting,c4322_sting_162,2,44100,1
ERA5120-4323,sting,c4323_sting_163,2,44100,1
ERA5120-4324,sting,c4324_sting_164,2,44100,1
ERA5120-4325,sting,c4325_sting_165,2,44100,1
ERA5120-4326,sting,c4326_sting_166,2,44100,1
ERA5120-4327,sting,c4327_sting_167,2,44100,1
ERA5120-4328,sting,c4328_sting_168,2,44100,1
ERA5120-4329,sting,c4329_sting_169,2,44100,1
ERA5120-4330,sting,c4330_sting_170,2,44100,1
ERA5120-4331,sting,c4331_sting_171,2,44100,1
ERA5120-4332,sting,c4332_sting_172,2,44100,1
ERA5120-4333,sting,c4333_sting_173,2,44100,1
ERA5120-4334,sting,c4334_sting_174,2,44100,1
ERA5120-4335,sting,c4335_sting_175,2,44100,1
ERA5120-4336,sting,c4336_sting_176,2,44100,1
ERA5120-4337,sting,c4337_sting_177,2,44100,1
ERA5120-4338,sting,c4338_sting_178,2,44100,1
ERA5120-4339,sting,c4339_sting_179,2,44100,1
ERA5120-4340,sting,c4340_sting_180,2,44100,1
ERA5120-4341,sting,c4341_sting_181,2,44100,1
ERA5120-4342,sting,c4342_sting_182,2,44100,1
ERA5120-4343,sting,c4343_sting_183,2,44100,1
ERA5120-4344,sting,c4344_sting_184,2,44100,1
ERA5120-4345,sting,c4345_sting_185,2,44100,1
ERA5120-4346,sting,c4346_sting_186,2,44100,1
ERA5120-4347,sting,c4347_sting_187,2,44100,1
ERA5120-4348,sting,c4348_sting_188,2,44100,1
ERA5120-4349,sting,c4349_sting_189,2,44100,1
ERA5120-4350,sting,c4350_sting_190,2,44100,1
ERA5120-4351,sting,c4351_sting_191,2,44100,1
ERA5120-4352,sting,c4352_sting_192,2,44100,1
ERA5120-4353,sting,c4353_sting_193,2,44100,1
ERA5120-4354,sting,c4354_sting_194,2,44100,1
ERA5120-4355,sting,c4355_sting_195,2,44100,1
ERA5120-4356,sting,c4356_sting_196,2,44100,1
ERA5120-4357,sting,c4357_sting_197,2,44100,1
ERA5120-4358,sting,c4358_sting_198,2,44100,1
ERA5120-4359,sting,c4359_sting_199,2,44100,1
ERA5120-4360,sting,c4360_sting_200,2,44100,1
ERA5120-4361,sting,c4361_sting_201,2,44100,1
ERA5120-4362,sting,c4362_sting_202,2,44100,1
ERA5120-4363,sting,c4363_sting_203,2,44100,1
ERA5120-4364,sting,c4364_sting_204,2,44100,1
ERA5120-4365,sting,c4365_sting_205,2,44100,1
ERA5120-4366,sting,c4366_sting_206,2,44100,1
ERA5120-4367,sting,c4367_sting_207,2,44100,1
ERA5120-4368,sting,c4368_sting_208,2,44100,1
ERA5120-4369,sting,c4369_sting_209,2,44100,1
ERA5120-4370,sting,c4370_sting_210,2,44100,1
ERA5120-4371,sting,c4371_sting_211,2,44100,1
ERA5120-4372,sting,c4372_sting_212,2,44100,1
ERA5120-4373,sting,c4373_sting_213,2,44100,1
ERA5120-4374,sting,c4374_sting_214,2,44100,1
ERA5120-4375,sting,c4375_sting_215,2,44100,1
ERA5120-4376,sting,c4376_sting_216,2,44100,1
ERA5120-4377,sting,c4377_sting_217,2,44100,1
ERA5120-4378,sting,c4378_sting_218,2,44100,1
ERA5120-4379,sting,c4379_sting_219,2,44100,1
ERA5120-4380,sting,c4380_sting_220,2,44100,1
ERA5120-4381,sting,c4381_sting_221,2,44100,1
ERA5120-4382,sting,c4382_sting_222,2,44100,1
ERA5120-4383,sting,c4383_sting_223,2,44100,1
ERA5120-4384,sting,c4384_sting_224,2,44100,1
ERA5120-4385,sting,c4385_sting_225,2,44100,1
ERA5120-4386,sting,c4386_sting_226,2,44100,1
ERA5120-4387,sting,c4387_sting_227,2,44100,1
ERA5120-4388,sting,c4388_sting_228,2,44100,1
ERA5120-4389,sting,c4389_sting_229,2,44100,1
ERA5120-4390,sting,c4390_sting_230,2,44100,1
ERA5120-4391,sting,c4391_sting_231,2,44100,1
ERA5120-4392,sting,c4392_sting_232,2,44100,1
ERA5120-4393,sting,c4393_sting_233,2,44100,1
ERA5120-4394,sting,c4394_sting_234,2,44100,1
ERA5120-4395,sting,c4395_sting_235,2,44100,1
ERA5120-4396,sting,c4396_sting_236,2,44100,1
ERA5120-4397,sting,c4397_sting_237,2,44100,1
ERA5120-4398,sting,c4398_sting_238,2,44100,1
ERA5120-4399,sting,c4399_sting_239,2,44100,1
ERA5120-4400,sting,c4400_sting_240,2,44100,1
ERA5120-4401,sting,c4401_sting_241,2,44100,1
ERA5120-4402,sting,c4402_sting_242,2,44100,1
ERA5120-4403,sting,c4403_sting_243,2,44100,1
ERA5120-4404,sting,c4404_sting_244,2,44100,1
ERA5120-4405,sting,c4405_sting_245,2,44100,1
ERA5120-4406,sting,c4406_sting_246,2,44100,1
ERA5120-4407,sting,c4407_sting_247,2,44100,1
ERA5120-4408,sting,c4408_sting_248,2,44100,1
ERA5120-4409,sting,c4409_sting_249,2,44100,1
ERA5120-4410,sting,c4410_sting_250,2,44100,1
ERA5120-4411,sting,c4411_sting_251,2,44100,1
ERA5120-4412,sting,c4412_sting_252,2,44100,1
ERA5120-4413,sting,c4413_sting_253,2,44100,1
ERA5120-4414,sting,c4414_sting_254,2,44100,1
ERA5120-4415,sting,c4415_sting_255,2,44100,1
ERA5120-4416,sting,c4416_sting_256,2,44100,1
ERA5120-4417,sting,c4417_sting_257,2,44100,1
ERA5120-4418,sting,c4418_sting_258,2,44100,1
ERA5120-4419,sting,c4419_sting_259,2,44100,1
ERA5120-4420,sting,c4420_sting_260,2,44100,1
ERA5120-4421,sting,c4421_sting_261,2,44100,1
ERA5120-4422,sting,c4422_sting_262,2,44100,1
ERA5120-4423,sting,c4423_sting_263,2,44100,1
ERA5120-4424,sting,c4424_sting_264,2,44100,1
ERA5120-4425,sting,c4425_sting_265,2,44100,1
ERA5120-4426,sting,c4426_sting_266,2,44100,1
ERA5120-4427,sting,c4427_sting_267,2,44100,1
ERA5120-4428,sting,c4428_sting_268,2,44100,1
ERA5120-4429,sting,c4429_sting_269,2,44100,1
ERA5120-4430,sting,c4430_sting_270,2,44100,1
ERA5120-4431,sting,c4431_sting_271,2,44100,1
ERA5120-4432,sting,c4432_sting_272,2,44100,1
ERA5120-4433,sting,c4433_sting_273,2,44100,1
ERA5120-4434,sting,c4434_sting_274,2,44100,1
ERA5120-4435,sting,c4435_sting_275,2,44100,1
ERA5120-4436,sting,c4436_sting_276,2,44100,1
ERA5120-4437,sting,c4437_sting_277,2,44100,1
ERA5120-4438,sting,c4438_sting_278,2,44100,1
ERA5120-4439,sting,c4439_sting_279,2,44100,1
ERA5120-4440,sting,c4440_sting_280,2,44100,1
ERA5120-4441,sting,c4441_sting_281,2,44100,1
ERA5120-4442,sting,c4442_sting_282,2,44100,1
ERA5120-4443,sting,c4443_sting_283,2,44100,1
ERA5120-4444,sting,c4444_sting_284,2,44100,1
ERA5120-4445,sting,c4445_sting_285,2,44100,1
ERA5120-4446,sting,c4446_sting_286,2,44100,1
ERA5120-4447,sting,c4447_sting_287,2,44100,1
ERA5120-4448,sting,c4448_sting_288,2,44100,1
ERA5120-4449,sting,c4449_sting_289,2,44100,1
ERA5120-4450,sting,c4450_sting_290,2,44100,1
ERA5120-4451,sting,c4451_sting_291,2,44100,1
ERA5120-4452,sting,c4452_sting_292,2,44100,1
ERA5120-4453,sting,c4453_sting_293,2,44100,1
ERA5120-4454,sting,c4454_sting_294,2,44100,1
ERA5120-4455,sting,c4455_sting_295,2,44100,1
ERA5120-4456,sting,c4456_sting_296,2,44100,1
ERA5120-4457,sting,c4457_sting_297,2,44100,1
ERA5120-4458,sting,c4458_sting_298,2,44100,1
ERA5120-4459,sting,c4459_sting_299,2,44100,1
ERA5120-4460,sting,c4460_sting_300,2,44100,1
ERA5120-4461,sting,c4461_sting_301,2,44100,1
ERA5120-4462,sting,c4462_sting_302,2,44100,1
ERA5120-4463,sting,c4463_sting_303,2,44100,1
ERA5120-4464,sting,c4464_sting_304,2,44100,1
ERA5120-4465,sting,c4465_sting_305,2,44100,1
ERA5120-4466,sting,c4466_sting_306,2,44100,1
ERA5120-4467,sting,c4467_sting_307,2,44100,1
ERA5120-4468,sting,c4468_sting_308,2,44100,1
ERA5120-4469,sting,c4469_sting_309,2,44100,1
ERA5120-4470,sting,c4470_sting_310,2,44100,1
ERA5120-4471,sting,c4471_sting_311,2,44100,1
ERA5120-4472,sting,c4472_sting_312,2,44100,1
ERA5120-4473,sting,c4473_sting_313,2,44100,1
ERA5120-4474,sting,c4474_sting_314,2,44100,1
ERA5120-4475,sting,c4475_sting_315,2,44100,1
ERA5120-4476,sting,c4476_sting_316,2,44100,1
ERA5120-4477,sting,c4477_sting_317,2,44100,1
ERA5120-4478,sting,c4478_sting_318,2,44100,1
ERA5120-4479,sting,c4479_sting_319,2,44100,1
ERA5120-4480,sting,c4480_sting_320,2,44100,1
ERA5120-4481,occlude,c4481_occlude_001,8,48000,2
ERA5120-4482,occlude,c4482_occlude_002,8,48000,2
ERA5120-4483,occlude,c4483_occlude_003,8,48000,2
ERA5120-4484,occlude,c4484_occlude_004,8,48000,2
ERA5120-4485,occlude,c4485_occlude_005,8,48000,2
ERA5120-4486,occlude,c4486_occlude_006,8,48000,2
ERA5120-4487,occlude,c4487_occlude_007,8,48000,2
ERA5120-4488,occlude,c4488_occlude_008,8,48000,2
ERA5120-4489,occlude,c4489_occlude_009,8,48000,2
ERA5120-4490,occlude,c4490_occlude_010,8,48000,2
ERA5120-4491,occlude,c4491_occlude_011,8,48000,2
ERA5120-4492,occlude,c4492_occlude_012,8,48000,2
ERA5120-4493,occlude,c4493_occlude_013,8,48000,2
ERA5120-4494,occlude,c4494_occlude_014,8,48000,2
ERA5120-4495,occlude,c4495_occlude_015,8,48000,2
ERA5120-4496,occlude,c4496_occlude_016,8,48000,2
ERA5120-4497,occlude,c4497_occlude_017,8,48000,2
ERA5120-4498,occlude,c4498_occlude_018,8,48000,2
ERA5120-4499,occlude,c4499_occlude_019,8,48000,2
ERA5120-4500,occlude,c4500_occlude_020,8,48000,2
ERA5120-4501,occlude,c4501_occlude_021,8,48000,2
ERA5120-4502,occlude,c4502_occlude_022,8,48000,2
ERA5120-4503,occlude,c4503_occlude_023,8,48000,2
ERA5120-4504,occlude,c4504_occlude_024,8,48000,2
ERA5120-4505,occlude,c4505_occlude_025,8,48000,2
ERA5120-4506,occlude,c4506_occlude_026,8,48000,2
ERA5120-4507,occlude,c4507_occlude_027,8,48000,2
ERA5120-4508,occlude,c4508_occlude_028,8,48000,2
ERA5120-4509,occlude,c4509_occlude_029,8,48000,2
ERA5120-4510,occlude,c4510_occlude_030,8,48000,2
ERA5120-4511,occlude,c4511_occlude_031,8,48000,2
ERA5120-4512,occlude,c4512_occlude_032,8,48000,2
ERA5120-4513,occlude,c4513_occlude_033,8,48000,2
ERA5120-4514,occlude,c4514_occlude_034,8,48000,2
ERA5120-4515,occlude,c4515_occlude_035,8,48000,2
ERA5120-4516,occlude,c4516_occlude_036,8,48000,2
ERA5120-4517,occlude,c4517_occlude_037,8,48000,2
ERA5120-4518,occlude,c4518_occlude_038,8,48000,2
ERA5120-4519,occlude,c4519_occlude_039,8,48000,2
ERA5120-4520,occlude,c4520_occlude_040,8,48000,2
ERA5120-4521,occlude,c4521_occlude_041,8,48000,2
ERA5120-4522,occlude,c4522_occlude_042,8,48000,2
ERA5120-4523,occlude,c4523_occlude_043,8,48000,2
ERA5120-4524,occlude,c4524_occlude_044,8,48000,2
ERA5120-4525,occlude,c4525_occlude_045,8,48000,2
ERA5120-4526,occlude,c4526_occlude_046,8,48000,2
ERA5120-4527,occlude,c4527_occlude_047,8,48000,2
ERA5120-4528,occlude,c4528_occlude_048,8,48000,2
ERA5120-4529,occlude,c4529_occlude_049,8,48000,2
ERA5120-4530,occlude,c4530_occlude_050,8,48000,2
ERA5120-4531,occlude,c4531_occlude_051,8,48000,2
ERA5120-4532,occlude,c4532_occlude_052,8,48000,2
ERA5120-4533,occlude,c4533_occlude_053,8,48000,2
ERA5120-4534,occlude,c4534_occlude_054,8,48000,2
ERA5120-4535,occlude,c4535_occlude_055,8,48000,2
ERA5120-4536,occlude,c4536_occlude_056,8,48000,2
ERA5120-4537,occlude,c4537_occlude_057,8,48000,2
ERA5120-4538,occlude,c4538_occlude_058,8,48000,2
ERA5120-4539,occlude,c4539_occlude_059,8,48000,2
ERA5120-4540,occlude,c4540_occlude_060,8,48000,2
ERA5120-4541,occlude,c4541_occlude_061,8,48000,2
ERA5120-4542,occlude,c4542_occlude_062,8,48000,2
ERA5120-4543,occlude,c4543_occlude_063,8,48000,2
ERA5120-4544,occlude,c4544_occlude_064,8,48000,2
ERA5120-4545,occlude,c4545_occlude_065,8,48000,2
ERA5120-4546,occlude,c4546_occlude_066,8,48000,2
ERA5120-4547,occlude,c4547_occlude_067,8,48000,2
ERA5120-4548,occlude,c4548_occlude_068,8,48000,2
ERA5120-4549,occlude,c4549_occlude_069,8,48000,2
ERA5120-4550,occlude,c4550_occlude_070,8,48000,2
ERA5120-4551,occlude,c4551_occlude_071,8,48000,2
ERA5120-4552,occlude,c4552_occlude_072,8,48000,2
ERA5120-4553,occlude,c4553_occlude_073,8,48000,2
ERA5120-4554,occlude,c4554_occlude_074,8,48000,2
ERA5120-4555,occlude,c4555_occlude_075,8,48000,2
ERA5120-4556,occlude,c4556_occlude_076,8,48000,2
ERA5120-4557,occlude,c4557_occlude_077,8,48000,2
ERA5120-4558,occlude,c4558_occlude_078,8,48000,2
ERA5120-4559,occlude,c4559_occlude_079,8,48000,2
ERA5120-4560,occlude,c4560_occlude_080,8,48000,2
ERA5120-4561,occlude,c4561_occlude_081,8,48000,2
ERA5120-4562,occlude,c4562_occlude_082,8,48000,2
ERA5120-4563,occlude,c4563_occlude_083,8,48000,2
ERA5120-4564,occlude,c4564_occlude_084,8,48000,2
ERA5120-4565,occlude,c4565_occlude_085,8,48000,2
ERA5120-4566,occlude,c4566_occlude_086,8,48000,2
ERA5120-4567,occlude,c4567_occlude_087,8,48000,2
ERA5120-4568,occlude,c4568_occlude_088,8,48000,2
ERA5120-4569,occlude,c4569_occlude_089,8,48000,2
ERA5120-4570,occlude,c4570_occlude_090,8,48000,2
ERA5120-4571,occlude,c4571_occlude_091,8,48000,2
ERA5120-4572,occlude,c4572_occlude_092,8,48000,2
ERA5120-4573,occlude,c4573_occlude_093,8,48000,2
ERA5120-4574,occlude,c4574_occlude_094,8,48000,2
ERA5120-4575,occlude,c4575_occlude_095,8,48000,2
ERA5120-4576,occlude,c4576_occlude_096,8,48000,2
ERA5120-4577,occlude,c4577_occlude_097,8,48000,2
ERA5120-4578,occlude,c4578_occlude_098,8,48000,2
ERA5120-4579,occlude,c4579_occlude_099,8,48000,2
ERA5120-4580,occlude,c4580_occlude_100,8,48000,2
ERA5120-4581,occlude,c4581_occlude_101,8,48000,2
ERA5120-4582,occlude,c4582_occlude_102,8,48000,2
ERA5120-4583,occlude,c4583_occlude_103,8,48000,2
ERA5120-4584,occlude,c4584_occlude_104,8,48000,2
ERA5120-4585,occlude,c4585_occlude_105,8,48000,2
ERA5120-4586,occlude,c4586_occlude_106,8,48000,2
ERA5120-4587,occlude,c4587_occlude_107,8,48000,2
ERA5120-4588,occlude,c4588_occlude_108,8,48000,2
ERA5120-4589,occlude,c4589_occlude_109,8,48000,2
ERA5120-4590,occlude,c4590_occlude_110,8,48000,2
ERA5120-4591,occlude,c4591_occlude_111,8,48000,2
ERA5120-4592,occlude,c4592_occlude_112,8,48000,2
ERA5120-4593,occlude,c4593_occlude_113,8,48000,2
ERA5120-4594,occlude,c4594_occlude_114,8,48000,2
ERA5120-4595,occlude,c4595_occlude_115,8,48000,2
ERA5120-4596,occlude,c4596_occlude_116,8,48000,2
ERA5120-4597,occlude,c4597_occlude_117,8,48000,2
ERA5120-4598,occlude,c4598_occlude_118,8,48000,2
ERA5120-4599,occlude,c4599_occlude_119,8,48000,2
ERA5120-4600,occlude,c4600_occlude_120,8,48000,2
ERA5120-4601,occlude,c4601_occlude_121,8,48000,2
ERA5120-4602,occlude,c4602_occlude_122,8,48000,2
ERA5120-4603,occlude,c4603_occlude_123,8,48000,2
ERA5120-4604,occlude,c4604_occlude_124,8,48000,2
ERA5120-4605,occlude,c4605_occlude_125,8,48000,2
ERA5120-4606,occlude,c4606_occlude_126,8,48000,2
ERA5120-4607,occlude,c4607_occlude_127,8,48000,2
ERA5120-4608,occlude,c4608_occlude_128,8,48000,2
ERA5120-4609,occlude,c4609_occlude_129,8,48000,2
ERA5120-4610,occlude,c4610_occlude_130,8,48000,2
ERA5120-4611,occlude,c4611_occlude_131,8,48000,2
ERA5120-4612,occlude,c4612_occlude_132,8,48000,2
ERA5120-4613,occlude,c4613_occlude_133,8,48000,2
ERA5120-4614,occlude,c4614_occlude_134,8,48000,2
ERA5120-4615,occlude,c4615_occlude_135,8,48000,2
ERA5120-4616,occlude,c4616_occlude_136,8,48000,2
ERA5120-4617,occlude,c4617_occlude_137,8,48000,2
ERA5120-4618,occlude,c4618_occlude_138,8,48000,2
ERA5120-4619,occlude,c4619_occlude_139,8,48000,2
ERA5120-4620,occlude,c4620_occlude_140,8,48000,2
ERA5120-4621,occlude,c4621_occlude_141,8,48000,2
ERA5120-4622,occlude,c4622_occlude_142,8,48000,2
ERA5120-4623,occlude,c4623_occlude_143,8,48000,2
ERA5120-4624,occlude,c4624_occlude_144,8,48000,2
ERA5120-4625,occlude,c4625_occlude_145,8,48000,2
ERA5120-4626,occlude,c4626_occlude_146,8,48000,2
ERA5120-4627,occlude,c4627_occlude_147,8,48000,2
ERA5120-4628,occlude,c4628_occlude_148,8,48000,2
ERA5120-4629,occlude,c4629_occlude_149,8,48000,2
ERA5120-4630,occlude,c4630_occlude_150,8,48000,2
ERA5120-4631,occlude,c4631_occlude_151,8,48000,2
ERA5120-4632,occlude,c4632_occlude_152,8,48000,2
ERA5120-4633,occlude,c4633_occlude_153,8,48000,2
ERA5120-4634,occlude,c4634_occlude_154,8,48000,2
ERA5120-4635,occlude,c4635_occlude_155,8,48000,2
ERA5120-4636,occlude,c4636_occlude_156,8,48000,2
ERA5120-4637,occlude,c4637_occlude_157,8,48000,2
ERA5120-4638,occlude,c4638_occlude_158,8,48000,2
ERA5120-4639,occlude,c4639_occlude_159,8,48000,2
ERA5120-4640,occlude,c4640_occlude_160,8,48000,2
ERA5120-4641,occlude,c4641_occlude_161,8,48000,2
ERA5120-4642,occlude,c4642_occlude_162,8,48000,2
ERA5120-4643,occlude,c4643_occlude_163,8,48000,2
ERA5120-4644,occlude,c4644_occlude_164,8,48000,2
ERA5120-4645,occlude,c4645_occlude_165,8,48000,2
ERA5120-4646,occlude,c4646_occlude_166,8,48000,2
ERA5120-4647,occlude,c4647_occlude_167,8,48000,2
ERA5120-4648,occlude,c4648_occlude_168,8,48000,2
ERA5120-4649,occlude,c4649_occlude_169,8,48000,2
ERA5120-4650,occlude,c4650_occlude_170,8,48000,2
ERA5120-4651,occlude,c4651_occlude_171,8,48000,2
ERA5120-4652,occlude,c4652_occlude_172,8,48000,2
ERA5120-4653,occlude,c4653_occlude_173,8,48000,2
ERA5120-4654,occlude,c4654_occlude_174,8,48000,2
ERA5120-4655,occlude,c4655_occlude_175,8,48000,2
ERA5120-4656,occlude,c4656_occlude_176,8,48000,2
ERA5120-4657,occlude,c4657_occlude_177,8,48000,2
ERA5120-4658,occlude,c4658_occlude_178,8,48000,2
ERA5120-4659,occlude,c4659_occlude_179,8,48000,2
ERA5120-4660,occlude,c4660_occlude_180,8,48000,2
ERA5120-4661,occlude,c4661_occlude_181,8,48000,2
ERA5120-4662,occlude,c4662_occlude_182,8,48000,2
ERA5120-4663,occlude,c4663_occlude_183,8,48000,2
ERA5120-4664,occlude,c4664_occlude_184,8,48000,2
ERA5120-4665,occlude,c4665_occlude_185,8,48000,2
ERA5120-4666,occlude,c4666_occlude_186,8,48000,2
ERA5120-4667,occlude,c4667_occlude_187,8,48000,2
ERA5120-4668,occlude,c4668_occlude_188,8,48000,2
ERA5120-4669,occlude,c4669_occlude_189,8,48000,2
ERA5120-4670,occlude,c4670_occlude_190,8,48000,2
ERA5120-4671,occlude,c4671_occlude_191,8,48000,2
ERA5120-4672,occlude,c4672_occlude_192,8,48000,2
ERA5120-4673,occlude,c4673_occlude_193,8,48000,2
ERA5120-4674,occlude,c4674_occlude_194,8,48000,2
ERA5120-4675,occlude,c4675_occlude_195,8,48000,2
ERA5120-4676,occlude,c4676_occlude_196,8,48000,2
ERA5120-4677,occlude,c4677_occlude_197,8,48000,2
ERA5120-4678,occlude,c4678_occlude_198,8,48000,2
ERA5120-4679,occlude,c4679_occlude_199,8,48000,2
ERA5120-4680,occlude,c4680_occlude_200,8,48000,2
ERA5120-4681,occlude,c4681_occlude_201,8,48000,2
ERA5120-4682,occlude,c4682_occlude_202,8,48000,2
ERA5120-4683,occlude,c4683_occlude_203,8,48000,2
ERA5120-4684,occlude,c4684_occlude_204,8,48000,2
ERA5120-4685,occlude,c4685_occlude_205,8,48000,2
ERA5120-4686,occlude,c4686_occlude_206,8,48000,2
ERA5120-4687,occlude,c4687_occlude_207,8,48000,2
ERA5120-4688,occlude,c4688_occlude_208,8,48000,2
ERA5120-4689,occlude,c4689_occlude_209,8,48000,2
ERA5120-4690,occlude,c4690_occlude_210,8,48000,2
ERA5120-4691,occlude,c4691_occlude_211,8,48000,2
ERA5120-4692,occlude,c4692_occlude_212,8,48000,2
ERA5120-4693,occlude,c4693_occlude_213,8,48000,2
ERA5120-4694,occlude,c4694_occlude_214,8,48000,2
ERA5120-4695,occlude,c4695_occlude_215,8,48000,2
ERA5120-4696,occlude,c4696_occlude_216,8,48000,2
ERA5120-4697,occlude,c4697_occlude_217,8,48000,2
ERA5120-4698,occlude,c4698_occlude_218,8,48000,2
ERA5120-4699,occlude,c4699_occlude_219,8,48000,2
ERA5120-4700,occlude,c4700_occlude_220,8,48000,2
ERA5120-4701,occlude,c4701_occlude_221,8,48000,2
ERA5120-4702,occlude,c4702_occlude_222,8,48000,2
ERA5120-4703,occlude,c4703_occlude_223,8,48000,2
ERA5120-4704,occlude,c4704_occlude_224,8,48000,2
ERA5120-4705,occlude,c4705_occlude_225,8,48000,2
ERA5120-4706,occlude,c4706_occlude_226,8,48000,2
ERA5120-4707,occlude,c4707_occlude_227,8,48000,2
ERA5120-4708,occlude,c4708_occlude_228,8,48000,2
ERA5120-4709,occlude,c4709_occlude_229,8,48000,2
ERA5120-4710,occlude,c4710_occlude_230,8,48000,2
ERA5120-4711,occlude,c4711_occlude_231,8,48000,2
ERA5120-4712,occlude,c4712_occlude_232,8,48000,2
ERA5120-4713,occlude,c4713_occlude_233,8,48000,2
ERA5120-4714,occlude,c4714_occlude_234,8,48000,2
ERA5120-4715,occlude,c4715_occlude_235,8,48000,2
ERA5120-4716,occlude,c4716_occlude_236,8,48000,2
ERA5120-4717,occlude,c4717_occlude_237,8,48000,2
ERA5120-4718,occlude,c4718_occlude_238,8,48000,2
ERA5120-4719,occlude,c4719_occlude_239,8,48000,2
ERA5120-4720,occlude,c4720_occlude_240,8,48000,2
ERA5120-4721,occlude,c4721_occlude_241,8,48000,2
ERA5120-4722,occlude,c4722_occlude_242,8,48000,2
ERA5120-4723,occlude,c4723_occlude_243,8,48000,2
ERA5120-4724,occlude,c4724_occlude_244,8,48000,2
ERA5120-4725,occlude,c4725_occlude_245,8,48000,2
ERA5120-4726,occlude,c4726_occlude_246,8,48000,2
ERA5120-4727,occlude,c4727_occlude_247,8,48000,2
ERA5120-4728,occlude,c4728_occlude_248,8,48000,2
ERA5120-4729,occlude,c4729_occlude_249,8,48000,2
ERA5120-4730,occlude,c4730_occlude_250,8,48000,2
ERA5120-4731,occlude,c4731_occlude_251,8,48000,2
ERA5120-4732,occlude,c4732_occlude_252,8,48000,2
ERA5120-4733,occlude,c4733_occlude_253,8,48000,2
ERA5120-4734,occlude,c4734_occlude_254,8,48000,2
ERA5120-4735,occlude,c4735_occlude_255,8,48000,2
ERA5120-4736,occlude,c4736_occlude_256,8,48000,2
ERA5120-4737,occlude,c4737_occlude_257,8,48000,2
ERA5120-4738,occlude,c4738_occlude_258,8,48000,2
ERA5120-4739,occlude,c4739_occlude_259,8,48000,2
ERA5120-4740,occlude,c4740_occlude_260,8,48000,2
ERA5120-4741,occlude,c4741_occlude_261,8,48000,2
ERA5120-4742,occlude,c4742_occlude_262,8,48000,2
ERA5120-4743,occlude,c4743_occlude_263,8,48000,2
ERA5120-4744,occlude,c4744_occlude_264,8,48000,2
ERA5120-4745,occlude,c4745_occlude_265,8,48000,2
ERA5120-4746,occlude,c4746_occlude_266,8,48000,2
ERA5120-4747,occlude,c4747_occlude_267,8,48000,2
ERA5120-4748,occlude,c4748_occlude_268,8,48000,2
ERA5120-4749,occlude,c4749_occlude_269,8,48000,2
ERA5120-4750,occlude,c4750_occlude_270,8,48000,2
ERA5120-4751,occlude,c4751_occlude_271,8,48000,2
ERA5120-4752,occlude,c4752_occlude_272,8,48000,2
ERA5120-4753,occlude,c4753_occlude_273,8,48000,2
ERA5120-4754,occlude,c4754_occlude_274,8,48000,2
ERA5120-4755,occlude,c4755_occlude_275,8,48000,2
ERA5120-4756,occlude,c4756_occlude_276,8,48000,2
ERA5120-4757,occlude,c4757_occlude_277,8,48000,2
ERA5120-4758,occlude,c4758_occlude_278,8,48000,2
ERA5120-4759,occlude,c4759_occlude_279,8,48000,2
ERA5120-4760,occlude,c4760_occlude_280,8,48000,2
ERA5120-4761,occlude,c4761_occlude_281,8,48000,2
ERA5120-4762,occlude,c4762_occlude_282,8,48000,2
ERA5120-4763,occlude,c4763_occlude_283,8,48000,2
ERA5120-4764,occlude,c4764_occlude_284,8,48000,2
ERA5120-4765,occlude,c4765_occlude_285,8,48000,2
ERA5120-4766,occlude,c4766_occlude_286,8,48000,2
ERA5120-4767,occlude,c4767_occlude_287,8,48000,2
ERA5120-4768,occlude,c4768_occlude_288,8,48000,2
ERA5120-4769,occlude,c4769_occlude_289,8,48000,2
ERA5120-4770,occlude,c4770_occlude_290,8,48000,2
ERA5120-4771,occlude,c4771_occlude_291,8,48000,2
ERA5120-4772,occlude,c4772_occlude_292,8,48000,2
ERA5120-4773,occlude,c4773_occlude_293,8,48000,2
ERA5120-4774,occlude,c4774_occlude_294,8,48000,2
ERA5120-4775,occlude,c4775_occlude_295,8,48000,2
ERA5120-4776,occlude,c4776_occlude_296,8,48000,2
ERA5120-4777,occlude,c4777_occlude_297,8,48000,2
ERA5120-4778,occlude,c4778_occlude_298,8,48000,2
ERA5120-4779,occlude,c4779_occlude_299,8,48000,2
ERA5120-4780,occlude,c4780_occlude_300,8,48000,2
ERA5120-4781,occlude,c4781_occlude_301,8,48000,2
ERA5120-4782,occlude,c4782_occlude_302,8,48000,2
ERA5120-4783,occlude,c4783_occlude_303,8,48000,2
ERA5120-4784,occlude,c4784_occlude_304,8,48000,2
ERA5120-4785,occlude,c4785_occlude_305,8,48000,2
ERA5120-4786,occlude,c4786_occlude_306,8,48000,2
ERA5120-4787,occlude,c4787_occlude_307,8,48000,2
ERA5120-4788,occlude,c4788_occlude_308,8,48000,2
ERA5120-4789,occlude,c4789_occlude_309,8,48000,2
ERA5120-4790,occlude,c4790_occlude_310,8,48000,2
ERA5120-4791,occlude,c4791_occlude_311,8,48000,2
ERA5120-4792,occlude,c4792_occlude_312,8,48000,2
ERA5120-4793,occlude,c4793_occlude_313,8,48000,2
ERA5120-4794,occlude,c4794_occlude_314,8,48000,2
ERA5120-4795,occlude,c4795_occlude_315,8,48000,2
ERA5120-4796,occlude,c4796_occlude_316,8,48000,2
ERA5120-4797,occlude,c4797_occlude_317,8,48000,2
ERA5120-4798,occlude,c4798_occlude_318,8,48000,2
ERA5120-4799,occlude,c4799_occlude_319,8,48000,2
ERA5120-4800,occlude,c4800_occlude_320,8,48000,2
ERA5120-4801,export,c4801_export_001,1,48000,2
ERA5120-4802,export,c4802_export_002,1,48000,2
ERA5120-4803,export,c4803_export_003,1,48000,2
ERA5120-4804,export,c4804_export_004,1,48000,2
ERA5120-4805,export,c4805_export_005,1,48000,2
ERA5120-4806,export,c4806_export_006,1,48000,2
ERA5120-4807,export,c4807_export_007,1,48000,2
ERA5120-4808,export,c4808_export_008,1,48000,2
ERA5120-4809,export,c4809_export_009,1,48000,2
ERA5120-4810,export,c4810_export_010,1,48000,2
ERA5120-4811,export,c4811_export_011,1,48000,2
ERA5120-4812,export,c4812_export_012,1,48000,2
ERA5120-4813,export,c4813_export_013,1,48000,2
ERA5120-4814,export,c4814_export_014,1,48000,2
ERA5120-4815,export,c4815_export_015,1,48000,2
ERA5120-4816,export,c4816_export_016,1,48000,2
ERA5120-4817,export,c4817_export_017,1,48000,2
ERA5120-4818,export,c4818_export_018,1,48000,2
ERA5120-4819,export,c4819_export_019,1,48000,2
ERA5120-4820,export,c4820_export_020,1,48000,2
ERA5120-4821,export,c4821_export_021,1,48000,2
ERA5120-4822,export,c4822_export_022,1,48000,2
ERA5120-4823,export,c4823_export_023,1,48000,2
ERA5120-4824,export,c4824_export_024,1,48000,2
ERA5120-4825,export,c4825_export_025,1,48000,2
ERA5120-4826,export,c4826_export_026,1,48000,2
ERA5120-4827,export,c4827_export_027,1,48000,2
ERA5120-4828,export,c4828_export_028,1,48000,2
ERA5120-4829,export,c4829_export_029,1,48000,2
ERA5120-4830,export,c4830_export_030,1,48000,2
ERA5120-4831,export,c4831_export_031,1,48000,2
ERA5120-4832,export,c4832_export_032,1,48000,2
ERA5120-4833,export,c4833_export_033,1,48000,2
ERA5120-4834,export,c4834_export_034,1,48000,2
ERA5120-4835,export,c4835_export_035,1,48000,2
ERA5120-4836,export,c4836_export_036,1,48000,2
ERA5120-4837,export,c4837_export_037,1,48000,2
ERA5120-4838,export,c4838_export_038,1,48000,2
ERA5120-4839,export,c4839_export_039,1,48000,2
ERA5120-4840,export,c4840_export_040,1,48000,2
ERA5120-4841,export,c4841_export_041,1,48000,2
ERA5120-4842,export,c4842_export_042,1,48000,2
ERA5120-4843,export,c4843_export_043,1,48000,2
ERA5120-4844,export,c4844_export_044,1,48000,2
ERA5120-4845,export,c4845_export_045,1,48000,2
ERA5120-4846,export,c4846_export_046,1,48000,2
ERA5120-4847,export,c4847_export_047,1,48000,2
ERA5120-4848,export,c4848_export_048,1,48000,2
ERA5120-4849,export,c4849_export_049,1,48000,2
ERA5120-4850,export,c4850_export_050,1,48000,2
ERA5120-4851,export,c4851_export_051,1,48000,2
ERA5120-4852,export,c4852_export_052,1,48000,2
ERA5120-4853,export,c4853_export_053,1,48000,2
ERA5120-4854,export,c4854_export_054,1,48000,2
ERA5120-4855,export,c4855_export_055,1,48000,2
ERA5120-4856,export,c4856_export_056,1,48000,2
ERA5120-4857,export,c4857_export_057,1,48000,2
ERA5120-4858,export,c4858_export_058,1,48000,2
ERA5120-4859,export,c4859_export_059,1,48000,2
ERA5120-4860,export,c4860_export_060,1,48000,2
ERA5120-4861,export,c4861_export_061,1,48000,2
ERA5120-4862,export,c4862_export_062,1,48000,2
ERA5120-4863,export,c4863_export_063,1,48000,2
ERA5120-4864,export,c4864_export_064,1,48000,2
ERA5120-4865,export,c4865_export_065,1,48000,2
ERA5120-4866,export,c4866_export_066,1,48000,2
ERA5120-4867,export,c4867_export_067,1,48000,2
ERA5120-4868,export,c4868_export_068,1,48000,2
ERA5120-4869,export,c4869_export_069,1,48000,2
ERA5120-4870,export,c4870_export_070,1,48000,2
ERA5120-4871,export,c4871_export_071,1,48000,2
ERA5120-4872,export,c4872_export_072,1,48000,2
ERA5120-4873,export,c4873_export_073,1,48000,2
ERA5120-4874,export,c4874_export_074,1,48000,2
ERA5120-4875,export,c4875_export_075,1,48000,2
ERA5120-4876,export,c4876_export_076,1,48000,2
ERA5120-4877,export,c4877_export_077,1,48000,2
ERA5120-4878,export,c4878_export_078,1,48000,2
ERA5120-4879,export,c4879_export_079,1,48000,2
ERA5120-4880,export,c4880_export_080,1,48000,2
ERA5120-4881,export,c4881_export_081,1,48000,2
ERA5120-4882,export,c4882_export_082,1,48000,2
ERA5120-4883,export,c4883_export_083,1,48000,2
ERA5120-4884,export,c4884_export_084,1,48000,2
ERA5120-4885,export,c4885_export_085,1,48000,2
ERA5120-4886,export,c4886_export_086,1,48000,2
ERA5120-4887,export,c4887_export_087,1,48000,2
ERA5120-4888,export,c4888_export_088,1,48000,2
ERA5120-4889,export,c4889_export_089,1,48000,2
ERA5120-4890,export,c4890_export_090,1,48000,2
ERA5120-4891,export,c4891_export_091,1,48000,2
ERA5120-4892,export,c4892_export_092,1,48000,2
ERA5120-4893,export,c4893_export_093,1,48000,2
ERA5120-4894,export,c4894_export_094,1,48000,2
ERA5120-4895,export,c4895_export_095,1,48000,2
ERA5120-4896,export,c4896_export_096,1,48000,2
ERA5120-4897,export,c4897_export_097,1,48000,2
ERA5120-4898,export,c4898_export_098,1,48000,2
ERA5120-4899,export,c4899_export_099,1,48000,2
ERA5120-4900,export,c4900_export_100,1,48000,2
ERA5120-4901,export,c4901_export_101,1,48000,2
ERA5120-4902,export,c4902_export_102,1,48000,2
ERA5120-4903,export,c4903_export_103,1,48000,2
ERA5120-4904,export,c4904_export_104,1,48000,2
ERA5120-4905,export,c4905_export_105,1,48000,2
ERA5120-4906,export,c4906_export_106,1,48000,2
ERA5120-4907,export,c4907_export_107,1,48000,2
ERA5120-4908,export,c4908_export_108,1,48000,2
ERA5120-4909,export,c4909_export_109,1,48000,2
ERA5120-4910,export,c4910_export_110,1,48000,2
ERA5120-4911,export,c4911_export_111,1,48000,2
ERA5120-4912,export,c4912_export_112,1,48000,2
ERA5120-4913,export,c4913_export_113,1,48000,2
ERA5120-4914,export,c4914_export_114,1,48000,2
ERA5120-4915,export,c4915_export_115,1,48000,2
ERA5120-4916,export,c4916_export_116,1,48000,2
ERA5120-4917,export,c4917_export_117,1,48000,2
ERA5120-4918,export,c4918_export_118,1,48000,2
ERA5120-4919,export,c4919_export_119,1,48000,2
ERA5120-4920,export,c4920_export_120,1,48000,2
ERA5120-4921,export,c4921_export_121,1,48000,2
ERA5120-4922,export,c4922_export_122,1,48000,2
ERA5120-4923,export,c4923_export_123,1,48000,2
ERA5120-4924,export,c4924_export_124,1,48000,2
ERA5120-4925,export,c4925_export_125,1,48000,2
ERA5120-4926,export,c4926_export_126,1,48000,2
ERA5120-4927,export,c4927_export_127,1,48000,2
ERA5120-4928,export,c4928_export_128,1,48000,2
ERA5120-4929,export,c4929_export_129,1,48000,2
ERA5120-4930,export,c4930_export_130,1,48000,2
ERA5120-4931,export,c4931_export_131,1,48000,2
ERA5120-4932,export,c4932_export_132,1,48000,2
ERA5120-4933,export,c4933_export_133,1,48000,2
ERA5120-4934,export,c4934_export_134,1,48000,2
ERA5120-4935,export,c4935_export_135,1,48000,2
ERA5120-4936,export,c4936_export_136,1,48000,2
ERA5120-4937,export,c4937_export_137,1,48000,2
ERA5120-4938,export,c4938_export_138,1,48000,2
ERA5120-4939,export,c4939_export_139,1,48000,2
ERA5120-4940,export,c4940_export_140,1,48000,2
ERA5120-4941,export,c4941_export_141,1,48000,2
ERA5120-4942,export,c4942_export_142,1,48000,2
ERA5120-4943,export,c4943_export_143,1,48000,2
ERA5120-4944,export,c4944_export_144,1,48000,2
ERA5120-4945,export,c4945_export_145,1,48000,2
ERA5120-4946,export,c4946_export_146,1,48000,2
ERA5120-4947,export,c4947_export_147,1,48000,2
ERA5120-4948,export,c4948_export_148,1,48000,2
ERA5120-4949,export,c4949_export_149,1,48000,2
ERA5120-4950,export,c4950_export_150,1,48000,2
ERA5120-4951,export,c4951_export_151,1,48000,2
ERA5120-4952,export,c4952_export_152,1,48000,2
ERA5120-4953,export,c4953_export_153,1,48000,2
ERA5120-4954,export,c4954_export_154,1,48000,2
ERA5120-4955,export,c4955_export_155,1,48000,2
ERA5120-4956,export,c4956_export_156,1,48000,2
ERA5120-4957,export,c4957_export_157,1,48000,2
ERA5120-4958,export,c4958_export_158,1,48000,2
ERA5120-4959,export,c4959_export_159,1,48000,2
ERA5120-4960,export,c4960_export_160,1,48000,2
ERA5120-4961,export,c4961_export_161,1,48000,2
ERA5120-4962,export,c4962_export_162,1,48000,2
ERA5120-4963,export,c4963_export_163,1,48000,2
ERA5120-4964,export,c4964_export_164,1,48000,2
ERA5120-4965,export,c4965_export_165,1,48000,2
ERA5120-4966,export,c4966_export_166,1,48000,2
ERA5120-4967,export,c4967_export_167,1,48000,2
ERA5120-4968,export,c4968_export_168,1,48000,2
ERA5120-4969,export,c4969_export_169,1,48000,2
ERA5120-4970,export,c4970_export_170,1,48000,2
ERA5120-4971,export,c4971_export_171,1,48000,2
ERA5120-4972,export,c4972_export_172,1,48000,2
ERA5120-4973,export,c4973_export_173,1,48000,2
ERA5120-4974,export,c4974_export_174,1,48000,2
ERA5120-4975,export,c4975_export_175,1,48000,2
ERA5120-4976,export,c4976_export_176,1,48000,2
ERA5120-4977,export,c4977_export_177,1,48000,2
ERA5120-4978,export,c4978_export_178,1,48000,2
ERA5120-4979,export,c4979_export_179,1,48000,2
ERA5120-4980,export,c4980_export_180,1,48000,2
ERA5120-4981,export,c4981_export_181,1,48000,2
ERA5120-4982,export,c4982_export_182,1,48000,2
ERA5120-4983,export,c4983_export_183,1,48000,2
ERA5120-4984,export,c4984_export_184,1,48000,2
ERA5120-4985,export,c4985_export_185,1,48000,2
ERA5120-4986,export,c4986_export_186,1,48000,2
ERA5120-4987,export,c4987_export_187,1,48000,2
ERA5120-4988,export,c4988_export_188,1,48000,2
ERA5120-4989,export,c4989_export_189,1,48000,2
ERA5120-4990,export,c4990_export_190,1,48000,2
ERA5120-4991,export,c4991_export_191,1,48000,2
ERA5120-4992,export,c4992_export_192,1,48000,2
ERA5120-4993,export,c4993_export_193,1,48000,2
ERA5120-4994,export,c4994_export_194,1,48000,2
ERA5120-4995,export,c4995_export_195,1,48000,2
ERA5120-4996,export,c4996_export_196,1,48000,2
ERA5120-4997,export,c4997_export_197,1,48000,2
ERA5120-4998,export,c4998_export_198,1,48000,2
ERA5120-4999,export,c4999_export_199,1,48000,2
ERA5120-5000,export,c5000_export_200,1,48000,2
ERA5120-5001,export,c5001_export_201,1,48000,2
ERA5120-5002,export,c5002_export_202,1,48000,2
ERA5120-5003,export,c5003_export_203,1,48000,2
ERA5120-5004,export,c5004_export_204,1,48000,2
ERA5120-5005,export,c5005_export_205,1,48000,2
ERA5120-5006,export,c5006_export_206,1,48000,2
ERA5120-5007,export,c5007_export_207,1,48000,2
ERA5120-5008,export,c5008_export_208,1,48000,2
ERA5120-5009,export,c5009_export_209,1,48000,2
ERA5120-5010,export,c5010_export_210,1,48000,2
ERA5120-5011,export,c5011_export_211,1,48000,2
ERA5120-5012,export,c5012_export_212,1,48000,2
ERA5120-5013,export,c5013_export_213,1,48000,2
ERA5120-5014,export,c5014_export_214,1,48000,2
ERA5120-5015,export,c5015_export_215,1,48000,2
ERA5120-5016,export,c5016_export_216,1,48000,2
ERA5120-5017,export,c5017_export_217,1,48000,2
ERA5120-5018,export,c5018_export_218,1,48000,2
ERA5120-5019,export,c5019_export_219,1,48000,2
ERA5120-5020,export,c5020_export_220,1,48000,2
ERA5120-5021,export,c5021_export_221,1,48000,2
ERA5120-5022,export,c5022_export_222,1,48000,2
ERA5120-5023,export,c5023_export_223,1,48000,2
ERA5120-5024,export,c5024_export_224,1,48000,2
ERA5120-5025,export,c5025_export_225,1,48000,2
ERA5120-5026,export,c5026_export_226,1,48000,2
ERA5120-5027,export,c5027_export_227,1,48000,2
ERA5120-5028,export,c5028_export_228,1,48000,2
ERA5120-5029,export,c5029_export_229,1,48000,2
ERA5120-5030,export,c5030_export_230,1,48000,2
ERA5120-5031,export,c5031_export_231,1,48000,2
ERA5120-5032,export,c5032_export_232,1,48000,2
ERA5120-5033,export,c5033_export_233,1,48000,2
ERA5120-5034,export,c5034_export_234,1,48000,2
ERA5120-5035,export,c5035_export_235,1,48000,2
ERA5120-5036,export,c5036_export_236,1,48000,2
ERA5120-5037,export,c5037_export_237,1,48000,2
ERA5120-5038,export,c5038_export_238,1,48000,2
ERA5120-5039,export,c5039_export_239,1,48000,2
ERA5120-5040,export,c5040_export_240,1,48000,2
ERA5120-5041,export,c5041_export_241,1,48000,2
ERA5120-5042,export,c5042_export_242,1,48000,2
ERA5120-5043,export,c5043_export_243,1,48000,2
ERA5120-5044,export,c5044_export_244,1,48000,2
ERA5120-5045,export,c5045_export_245,1,48000,2
ERA5120-5046,export,c5046_export_246,1,48000,2
ERA5120-5047,export,c5047_export_247,1,48000,2
ERA5120-5048,export,c5048_export_248,1,48000,2
ERA5120-5049,export,c5049_export_249,1,48000,2
ERA5120-5050,export,c5050_export_250,1,48000,2
ERA5120-5051,export,c5051_export_251,1,48000,2
ERA5120-5052,export,c5052_export_252,1,48000,2
ERA5120-5053,export,c5053_export_253,1,48000,2
ERA5120-5054,export,c5054_export_254,1,48000,2
ERA5120-5055,export,c5055_export_255,1,48000,2
ERA5120-5056,export,c5056_export_256,1,48000,2
ERA5120-5057,export,c5057_export_257,1,48000,2
ERA5120-5058,export,c5058_export_258,1,48000,2
ERA5120-5059,export,c5059_export_259,1,48000,2
ERA5120-5060,export,c5060_export_260,1,48000,2
ERA5120-5061,export,c5061_export_261,1,48000,2
ERA5120-5062,export,c5062_export_262,1,48000,2
ERA5120-5063,export,c5063_export_263,1,48000,2
ERA5120-5064,export,c5064_export_264,1,48000,2
ERA5120-5065,export,c5065_export_265,1,48000,2
ERA5120-5066,export,c5066_export_266,1,48000,2
ERA5120-5067,export,c5067_export_267,1,48000,2
ERA5120-5068,export,c5068_export_268,1,48000,2
ERA5120-5069,export,c5069_export_269,1,48000,2
ERA5120-5070,export,c5070_export_270,1,48000,2
ERA5120-5071,export,c5071_export_271,1,48000,2
ERA5120-5072,export,c5072_export_272,1,48000,2
ERA5120-5073,export,c5073_export_273,1,48000,2
ERA5120-5074,export,c5074_export_274,1,48000,2
ERA5120-5075,export,c5075_export_275,1,48000,2
ERA5120-5076,export,c5076_export_276,1,48000,2
ERA5120-5077,export,c5077_export_277,1,48000,2
ERA5120-5078,export,c5078_export_278,1,48000,2
ERA5120-5079,export,c5079_export_279,1,48000,2
ERA5120-5080,export,c5080_export_280,1,48000,2
ERA5120-5081,export,c5081_export_281,1,48000,2
ERA5120-5082,export,c5082_export_282,1,48000,2
ERA5120-5083,export,c5083_export_283,1,48000,2
ERA5120-5084,export,c5084_export_284,1,48000,2
ERA5120-5085,export,c5085_export_285,1,48000,2
ERA5120-5086,export,c5086_export_286,1,48000,2
ERA5120-5087,export,c5087_export_287,1,48000,2
ERA5120-5088,export,c5088_export_288,1,48000,2
ERA5120-5089,export,c5089_export_289,1,48000,2
ERA5120-5090,export,c5090_export_290,1,48000,2
ERA5120-5091,export,c5091_export_291,1,48000,2
ERA5120-5092,export,c5092_export_292,1,48000,2
ERA5120-5093,export,c5093_export_293,1,48000,2
ERA5120-5094,export,c5094_export_294,1,48000,2
ERA5120-5095,export,c5095_export_295,1,48000,2
ERA5120-5096,export,c5096_export_296,1,48000,2
ERA5120-5097,export,c5097_export_297,1,48000,2
ERA5120-5098,export,c5098_export_298,1,48000,2
ERA5120-5099,export,c5099_export_299,1,48000,2
ERA5120-5100,export,c5100_export_300,1,48000,2
ERA5120-5101,export,c5101_export_301,1,48000,2
ERA5120-5102,export,c5102_export_302,1,48000,2
ERA5120-5103,export,c5103_export_303,1,48000,2
ERA5120-5104,export,c5104_export_304,1,48000,2
ERA5120-5105,export,c5105_export_305,1,48000,2
ERA5120-5106,export,c5106_export_306,1,48000,2
ERA5120-5107,export,c5107_export_307,1,48000,2
ERA5120-5108,export,c5108_export_308,1,48000,2
ERA5120-5109,export,c5109_export_309,1,48000,2
ERA5120-5110,export,c5110_export_310,1,48000,2
ERA5120-5111,export,c5111_export_311,1,48000,2
ERA5120-5112,export,c5112_export_312,1,48000,2
ERA5120-5113,export,c5113_export_313,1,48000,2
ERA5120-5114,export,c5114_export_314,1,48000,2
ERA5120-5115,export,c5115_export_315,1,48000,2
ERA5120-5116,export,c5116_export_316,1,48000,2
ERA5120-5117,export,c5117_export_317,1,48000,2
ERA5120-5118,export,c5118_export_318,1,48000,2
ERA5120-5119,export,c5119_export_319,1,48000,2
ERA5120-5120,export,c5120_export_320,1,48000,2
